url,precio,precio_valor,precio_moneda,mantenimiento_valor,caracteristicas,m2_totales,m2_construidos,recamaras,banos,estacionamientos,antiguedad,direccion,ubicacion,descripcion,amenidades,lat,lng,scraped_created_at,scraped_updated_at
https://propiedades.com/inmuebles/departamento-en-venta-el-coyol-veracruz-30559120,"MXN 1,250,000",1250000.0,MXN,0.0,70 m² const. | 2 rec. | 2 baños,,70.0,2,2,0,8 meses en Propiedades.com,,"El Coyol, Veracruz, Veracruz de Ignacio de la Llave"," , Col. El Coyol C.P. 91780, Veracruz",,19.1584261,-96.1498387,2026-07-29T20:32:35.479146,2026-07-29T20:32:35.479146
https://propiedades.com/inmuebles/departamento-en-venta-av-puerta-paraiso-sn-91775-veracruz-ver-banaterra-veracruz-29708269,"MXN 1,265,000",1265000.0,MXN,0.0,65 m² const. | 2 rec. | 1 baños | 1 estac.,,65.0,2,1,1,1 año en Propiedades.com,Av. Puerta Paraiso s/n,"Banaterra, Veracruz, Veracruz de Ignacio de la Llave","Av. Puerta Paraiso s/n, 91775 Veracruz, Ver., Col. Banaterra C.P. 91775, Veracruz",,19.1902778,-96.1533333,2026-07-29T20:32:35.479161,2026-07-29T20:32:35.479161
https://propiedades.com/inmuebles/departamento-en-venta-carr-a-dos-lomas-buenavista-91697-ver-bruno-pagliai-veracruz-29709474,"MXN 673,000",673000.0,MXN,0.0,47 m² const. | 2 rec. | 1 baños,,47.0,2,1,0,1 año en Propiedades.com,Carr. a dos Lomas,"Bruno Pagliai, Veracruz, Veracruz de Ignacio de la Llave","Carr. a dos Lomas, Buenavista, 91697 Ver.
, Col. Bruno Pagliai C.P. 91697, Veracruz",,19.1694408,-96.2273383,2026-07-29T20:32:35.479164,2026-07-29T20:32:35.479164
https://propiedades.com/inmuebles/departamento-en-venta-av-puerta-paraiso-sn-91775-veracruz-ver-banaterra-veracruz-29708271,"MXN 1,265,000",1265000.0,MXN,0.0,65 m² const. | 2 rec. | 1 baños | 1 estac.,,65.0,2,1,1,1 año en Propiedades.com,Av. Puerta Paraiso s/n,"Banaterra, Veracruz, Veracruz de Ignacio de la Llave","Av. Puerta Paraiso s/n, 91775 Veracruz, Ver., Col. Banaterra C.P. 91775, Veracruz",,19.1902778,-96.1533333,2026-07-29T20:32:35.479165,2026-07-29T20:32:35.479165
https://propiedades.com/inmuebles/departamento-en-venta-valente-diaz-mata-cocuite-91697-las-bajadas-ver-libertad-veracruz-29709041,"MXN 783,500",783500.0,MXN,0.0,43 m² const. | 2 rec. | 1 baños | 1 estac.,,43.0,2,1,1,1 año en Propiedades.com,Valente Díaz - Mata Cocuite,"Libertad, Veracruz, Veracruz de Ignacio de la Llave","Valente Díaz - Mata Cocuite, 91697 Las Bajadas, Ver., Col. Libertad C.P. 91697, Veracruz",Alberca | Cisterna,19.1897483,-96.1524232,2026-07-29T20:32:35.479167,2026-07-29T20:32:35.479167
https://www.propiedades.com/inmuebles/departamento-en-venta-sin-nombre-de-calle-veracruz-centro-veracruz-30532755,"MXN 2,263,450",2263450.0,MXN,0.0,77 m² const. | 2 rec. | 1 baños | 1 estac.,,77.0,2,1,1,9 meses en Propiedades.com,Sin nombre de calle,"Veracruz Centro, Veracruz, Veracruz de Ignacio de la Llave","Sin nombre de calle, Col. Veracruz Centro C.P. 91700, Veracruz",,19.189537,-96.1394441,2026-07-29T20:32:35.479168,2026-07-29T20:32:35.479168
https://propiedades.com/inmuebles/departamento-en-venta-calle-barandillas-mzn-1-lt1-fracc-privanzas-carretera-a-2-lomas-col-tejeria-veracruz-tejeria-veracruz-30758146,"MXN 658,000",658000.0,MXN,0.0,46 m² const. | 2 rec. | 1 baños,,46.0,2,1,0,6 meses en Propiedades.com,Calle Barandillas,"Tejería, Veracruz, Veracruz de Ignacio de la Llave","Calle Barandillas, Mzn. 1 Lt.1, Fracc. Privanzas, Carretera A 2 Lomas, Col. Tejería, Veracruz, Col. Tejería C.P. 91697, Veracruz",,20.441184,-97.3269982,2026-07-29T20:32:35.479170,2026-07-29T20:32:35.479170
https://propiedades.com/inmuebles/departamento-en-venta-calle-barandillas-mzn-1-lt1-fracc-privanzas-carretera-a-2-lomas-col-tejeria-veracruz-tejeria-veracruz-29708354,"MXN 665,000",665000.0,MXN,0.0,47 m² const. | 2 rec. | 1 baños,,47.0,2,1,0,1 año en Propiedades.com,Calle Barandillas,"Tejería, Veracruz, Veracruz de Ignacio de la Llave","Calle Barandillas, Mzn. 1 Lt.1, Fracc. Privanzas, Carretera A 2 Lomas, Col. Tejería, Veracruz, Col. Tejería C.P. 91697, Veracruz",,20.441184,-97.3269982,2026-07-29T20:32:35.479171,2026-07-29T20:32:35.479171
https://www.propiedades.com/inmuebles/departamento-en-venta-centro-600-veracruz-centro-veracruz-31553412,"MXN 1,980,000",1980000.0,MXN,0.0,70 m² const. | 2 rec. | 2 baños | 1 estac.,,70.0,2,2,1,22 días en Propiedades.com,Centro #600,"Veracruz Centro, Veracruz, Veracruz de Ignacio de la Llave","Centro #600, Col. Veracruz Centro C.P. 91700, Veracruz",Alberca | Seguridad privada,19.189537,-96.1394441,2026-07-29T20:32:35.479172,2026-07-29T20:32:35.479172
https://propiedades.com/inmuebles/departamento-en-venta-av-puerta-paraiso-sn-91775-veracruz-ver-banaterra-veracruz-29708270,"MXN 1,265,000",1265000.0,MXN,0.0,65 m² const. | 2 rec. | 1 baños | 1 estac.,,65.0,2,1,1,1 año en Propiedades.com,Av. Puerta Paraiso s/n,"Banaterra, Veracruz, Veracruz de Ignacio de la Llave","Av. Puerta Paraiso s/n, 91775 Veracruz, Ver., Col. Banaterra C.P. 91775, Veracruz",,19.1902778,-96.1533333,2026-07-29T20:32:35.479173,2026-07-29T20:32:35.479173
https://propiedades.com/inmuebles/departamento-en-venta-carr-a-dos-lomas-buenavista-91697-ver-bruno-pagliai-veracruz-29709473,"MXN 683,000",683000.0,MXN,0.0,47 m² const. | 2 rec. | 1 baños,,47.0,2,1,0,1 año en Propiedades.com,Carr. a dos Lomas,"Bruno Pagliai, Veracruz, Veracruz de Ignacio de la Llave","Carr. a dos Lomas, Buenavista, 91697 Ver.
, Col. Bruno Pagliai C.P. 91697, Veracruz",,19.1694408,-96.2273383,2026-07-29T20:32:35.479174,2026-07-29T20:32:35.479174
https://propiedades.com/inmuebles/departamento-en-venta-valente-diaz-mata-cocuite-91697-las-bajadas-ver-libertad-veracruz-29708559,"MXN 722,500",722500.0,MXN,0.0,43 m² const. | 2 rec.,,43.0,2,0,0,1 año en Propiedades.com,Valente Díaz - Mata Cocuite,"Libertad, Veracruz, Veracruz de Ignacio de la Llave","Valente Díaz - Mata Cocuite, 91697 Las Bajadas, Ver., Col. Libertad C.P. 91697, Veracruz",Alberca | Cisterna,19.1897483,-96.1524232,2026-07-29T20:32:35.479175,2026-07-29T20:32:35.479175
https://propiedades.com/inmuebles/departamento-en-venta-valente-diaz-mata-cocuite-91697-las-bajadas-ver-libertad-veracruz-29708558,"MXN 713,500",713500.0,MXN,0.0,44 m² const. | 2 rec. | 1 baños | 1 estac.,,44.0,2,1,1,1 año en Propiedades.com,Valente Díaz - Mata Cocuite,"Libertad, Veracruz, Veracruz de Ignacio de la Llave","Valente Díaz - Mata Cocuite, 91697 Las Bajadas, Ver., Col. Libertad C.P. 91697, Veracruz",Alberca | Cisterna,19.1897483,-96.1524232,2026-07-29T20:32:35.479176,2026-07-29T20:32:35.479176
https://www.propiedades.com/inmuebles/departamento-en-venta-sin-nombre-de-calle-0-valle-alto-veracruz-29219448,"MXN 815,000",815000.0,MXN,0.0,47 m² const. | 2 rec. | 1 baños | 1 estac.,,47.0,2,1,1,2 años en Propiedades.com,Sin nombre de calle #0,"Valle Alto, Veracruz, Veracruz de Ignacio de la Llave","Sin nombre de calle #0, Col. Valle Alto C.P. 91697, Veracruz",Alberca | Seguridad privada,19.1430943,-96.2166095,2026-07-29T20:32:35.479177,2026-07-29T20:32:35.479177
https://propiedades.com/inmuebles/departamento-en-venta-centro-600-veracruz-centro-veracruz-31549782,"MXN 2,190,000",2190000.0,MXN,0.0,70 m² const. | 2 rec. | 2 baños | 1 estac.,,70.0,2,2,1,23 días en Propiedades.com,Centro #600,"Veracruz Centro, Veracruz, Veracruz de Ignacio de la Llave","Centro #600, Col. Veracruz Centro C.P. 91700, Veracruz",Seguridad privada | Aire acondicionado,19.189537,-96.1394441,2026-07-29T20:32:35.479177,2026-07-29T20:32:35.479177
https://propiedades.com/inmuebles/departamento-en-venta-crystal-lagoons-crystal-lagoons-veracruz-91699-hacienda-paraiso-ver-dream-lagoons-veracruz-31591920,"MXN 2,600,000",2600000.0,MXN,0.0,120 m² const. | 3 rec. | 2 baños,,120.0,3,2,0,A estrenar,Crystal Lagoons,"Dream Lagoons, Veracruz, Veracruz de Ignacio de la Llave","Crystal Lagoons, Crystal Lagoons Veracruz, 91699 Hacienda Paraíso, Ver., Col. Dream Lagoons C.P. 91699, Veracruz",Alberca | Seguridad privada | Aire acondicionado | Cisterna | Terraza | Gimnasio | Elevador,19.1330042,-96.1733106,2026-07-29T20:32:35.479178,2026-07-29T20:32:35.479178
https://propiedades.com/inmuebles/departamento-en-venta-av-puerta-paraiso-sn-91775-veracruz-ver-banaterra-veracruz-29708274,"MXN 1,600,000",1600000.0,MXN,0.0,88 m² const. | 2 rec. | 1 baños | 1 estac.,,88.0,2,1,1,1 año en Propiedades.com,Av. Puerta Paraiso s/n,"Banaterra, Veracruz, Veracruz de Ignacio de la Llave","Av. Puerta Paraiso s/n, 91775 Veracruz, Ver., Col. Banaterra C.P. 91775, Veracruz",,19.1902778,-96.1533333,2026-07-29T20:32:35.479179,2026-07-29T20:32:35.479179
https://propiedades.com/inmuebles/departamento-en-venta-luz-nava-82-ignacio-zaragoza-veracruz-30561536,"MXN 2,150,000",2150000.0,MXN,0.0,65 m² const. | 2 rec. | 2 baños,,65.0,2,2,0,8 meses en Propiedades.com,luz nava #82,"Ignacio Zaragoza, Veracruz, Veracruz de Ignacio de la Llave","luz nava #82, Col. Ignacio Zaragoza C.P. 91910, Veracruz",,19.175682,-96.12821199999999,2026-07-29T20:32:35.479180,2026-07-29T20:32:35.479180
https://propiedades.com/inmuebles/departamento-en-venta-alacio-perez-veracruz-centro-veracruz-30418053,"MXN 2,190,000",2190000.0,MXN,0.0,70 m² const. | 2 rec. | 2 baños,,70.0,2,2,0,10 meses en Propiedades.com,Alació Pérez,"Veracruz Centro, Veracruz, Veracruz de Ignacio de la Llave","Alació Pérez, Col. Veracruz Centro C.P. 91700, Veracruz",,19.184118,-96.13432,2026-07-29T20:32:35.479181,2026-07-29T20:32:35.479181
https://www.propiedades.com/inmuebles/departamento-en-venta-sin-nombre-de-calle-sn-buenavista-infonavit-veracruz-31358122,"MXN 640,000",640000.0,MXN,0.0,57 m² const. | 2 rec. | 1 baños,,57.0,2,1,0,2 meses en Propiedades.com,Sin nombre de calle #S/N,"Buenavista INFONAVIT, Veracruz, Veracruz de Ignacio de la Llave","Sin nombre de calle #S/N, Col. Buenavista INFONAVIT C.P. 91850, Veracruz",Aire acondicionado | Cisterna,19.200313,-96.1712596,2026-07-29T20:32:35.479183,2026-07-29T20:32:35.479183
https://www.propiedades.com/inmuebles/departamento-en-venta-coyol-000-el-coyol-veracruz-29482207,"MXN 1,500,000",1500000.0,MXN,0.0,90 m² const. | 3 rec. | 3 baños | 1 estac.,,90.0,3,3,1,1 año en Propiedades.com,COYOL #000,"El Coyol, Veracruz, Veracruz de Ignacio de la Llave","COYOL #000, Col. El Coyol C.P. 91760, Veracruz",Seguridad privada | Aire acondicionado | Cisterna,19.1690013,-96.1560126,2026-07-29T20:32:35.479184,2026-07-29T20:32:35.479184
https://propiedades.com/inmuebles/departamento-en-venta-valente-diaz-dos-lomas-91-la-querencia-residencial-veracruz-30325387,"MXN 713,500",713500.0,MXN,0.0,45 m² const. | 2 rec. | 1 baños,,45.0,2,1,0,11 meses en Propiedades.com,VALENTE DIAZ DOS LOMAS #91,"La Querencia Residencial, Veracruz, Veracruz de Ignacio de la Llave","VALENTE DIAZ DOS LOMAS #91, Col. La Querencia Residencial C.P. 91697, Veracruz",,19.1488552,-96.21497029999999,2026-07-29T20:32:35.479185,2026-07-29T20:32:35.479185
https://www.propiedades.com/inmuebles/departamento-en-venta-centro-000-veracruz-centro-veracruz-28327492,"MXN 895,000",895000.0,MXN,0.0,85 m² const. | 3 rec. | 1 baños | 1 estac.,,85.0,3,1,1,2 años en Propiedades.com,CENTRO #000,"Veracruz Centro, Veracruz, Veracruz de Ignacio de la Llave","CENTRO #000, Col. Veracruz Centro C.P. 91700, Veracruz",Seguridad privada | Aire acondicionado | Cisterna,19.189537,-96.1394441,2026-07-29T20:32:35.479187,2026-07-29T20:32:35.479187
https://www.propiedades.com/inmuebles/departamento-en-venta-sin-nombre-de-calle-sn-veracruz-centro-veracruz-31537926,"MXN 1,920,000",1920000.0,MXN,0.0,78 m² const. | 2 rec. | 2 baños | 1 estac.,,78.0,2,2,1,27 días en Propiedades.com,Sin nombre de calle #S/N,"Veracruz Centro, Veracruz, Veracruz de Ignacio de la Llave","Sin nombre de calle #S/N, Col. Veracruz Centro C.P. 91700, Veracruz",Aire acondicionado,19.189537,-96.1394441,2026-07-29T20:32:35.479188,2026-07-29T20:32:35.479188
https://propiedades.com/inmuebles/departamento-en-venta-atacama-395-oasis-veracruz-29446667,"MXN 445,000",445000.0,MXN,0.0,54 m² const. | 2 rec. | 1 baños,,54.0,2,1,0,1 año en Propiedades.com,Atacama #395,"Oasis, Veracruz, Veracruz de Ignacio de la Llave","Atacama #395, Col. Oasis C.P. 91808, Veracruz",,19.20111,-96.218445,2026-07-29T20:32:35.479189,2026-07-29T20:32:35.479189
https://www.propiedades.com/inmuebles/departamento-en-venta-xana-1-xana-veracruz-26703007,"MXN 1,400,000",1400000.0,MXN,0.0,90 m² const. | 2 rec. | 1 baños | 1 estac.,,90.0,2,1,1,3 años en Propiedades.com,xana #1,"Xana, Veracruz, Veracruz de Ignacio de la Llave","xana #1, Col. Xana C.P. 91726, Veracruz",Alberca | Seguridad privada | Aire acondicionado | Cisterna,19.1583382,-96.1784342,2026-07-29T20:32:35.479190,2026-07-29T20:32:35.479190
https://propiedades.com/inmuebles/departamento-en-venta-abraham-cabanas-174-del-maestro-veracruz-31571564,"MXN 2,450,000",2450000.0,MXN,0.0,350 m² const. | 12 rec. | 5 baños,,350.0,12,5,0,16 días en Propiedades.com,Abraham Cabañas #174,"Del Maestro, Veracruz, Veracruz de Ignacio de la Llave","Abraham Cabañas #174, Col. Del Maestro C.P. 91920, Veracruz",,19.158426,-96.13269,2026-07-29T20:32:35.479191,2026-07-29T20:32:35.479191
https://www.propiedades.com/inmuebles/departamento-en-venta-dos-lomas-1-dos-lomas-veracruz-30854603,"MXN 888,000",888000.0,MXN,0.0,62 m² const. | 2 rec. | 1 baños | 1 estac.,,62.0,2,1,1,5 meses en Propiedades.com,DOS LOMAS #1,"Dos Lomas, Veracruz, Veracruz de Ignacio de la Llave","DOS LOMAS #1, Col. Dos Lomas C.P. 91697, Veracruz",Alberca | Seguridad privada,19.1462309,-96.2389221,2026-07-29T20:32:35.479192,2026-07-29T20:32:35.479192
https://propiedades.com/inmuebles/departamento-en-venta-sendero-de-las-palmas-339-paseo-de-las-palmas-ii-veracruz-29846116,"MXN 750,000",750000.0,MXN,0.0,47 m² const. | 2 rec. | 1 baños,,47.0,2,1,0,1 año en Propiedades.com,SENDERO DE LAS PALMAS #339,"Paseo de las Palmas II, Veracruz, Veracruz de Ignacio de la Llave","SENDERO DE LAS PALMAS #339, Col. Paseo de las Palmas II C.P. 91697, Veracruz",,19.1504032,-96.2315354,2026-07-29T20:32:35.479193,2026-07-29T20:32:35.479193
https://propiedades.com/inmuebles/departamento-en-venta-victimas-de-5-y-6-de-junio-faros-veracruz-31571726,"MXN 1,300,000",1300000.0,MXN,0.0,83 m² const. | 2 rec. | 2 baños,,83.0,2,2,0,16 días en Propiedades.com,victimas de 5 y 6 de junio,"Faros, Veracruz, Veracruz de Ignacio de la Llave","victimas de 5 y 6 de junio, Col. Faros C.P. 91709, Veracruz",,19.200506,-96.13325,2026-07-29T20:32:35.479193,2026-07-29T20:32:35.479193
https://propiedades.com/inmuebles/departamento-en-venta-j-enriquez-95-ricardo-flores-magon-veracruz-31571880,"MXN 1,350,000",1350000.0,MXN,0.0,85 m² const. | 2 rec. | 2 baños,,85.0,2,2,0,16 días en Propiedades.com,J Enriquez #95,"Ricardo Flores Magón, Veracruz, Veracruz de Ignacio de la Llave","J Enriquez #95, Col. Ricardo Flores Magón C.P. 91900, Veracruz",,19.184439,-96.12715,2026-07-29T20:32:35.479194,2026-07-29T20:32:35.479194
https://propiedades.com/inmuebles/departamento-en-venta-gaviota-352-residencial-del-bosque-segunda-seccion-veracruz-30827264,"MXN 750,000",750000.0,MXN,0.0,61 m² const. | 2 rec. | 1 baños,,61.0,2,1,0,6 meses en Propiedades.com,GAVIOTA #352,"Residencial del Bosque Segunda Sección, Veracruz, Veracruz de Ignacio de la Llave","GAVIOTA #352, Col. Residencial del Bosque Segunda Sección C.P. 91697, Veracruz",,19.1377107,-96.22383789999999,2026-07-29T20:32:35.479195,2026-07-29T20:32:35.479195
https://propiedades.com/inmuebles/departamento-en-venta-dreams-000-dream-lagoons-veracruz-30980448,"MXN 1,600,000",1600000.0,MXN,0.0,87 m² const. | 2 rec. | 1 baños | 1 estac.,,87.0,2,1,1,4 meses en Propiedades.com,DREAMS #000,"Dream Lagoons, Veracruz, Veracruz de Ignacio de la Llave","DREAMS #000, Col. Dream Lagoons C.P. 91699, Veracruz",Alberca | Seguridad privada | Aire acondicionado,19.133046,-96.1743546,2026-07-29T20:32:35.479196,2026-07-29T20:32:35.479196
https://propiedades.com/inmuebles/departamento-en-venta-circuito-ceiba-168-hacienda-sotavento-veracruz-31088341,"MXN 630,000",630000.0,MXN,0.0,46 m² const. | 2 rec. | 1 baños,,46.0,2,1,0,3 meses en Propiedades.com,circuito ceiba #168,"Hacienda Sotavento, Veracruz, Veracruz de Ignacio de la Llave","circuito ceiba #168, Col. Hacienda Sotavento C.P. 91698, Veracruz",,19.1236193,-96.18077690000001,2026-07-29T20:32:35.479197,2026-07-29T20:32:35.479197
https://propiedades.com/inmuebles/departamento-en-venta-rio-guaya-697-lomas-de-rio-medio-cuatro-veracruz-31604630,"MXN 610,000",610000.0,MXN,0.0,48 m² const. | 2 rec. | 1 baños,,48.0,2,1,0,A estrenar,RIO GUAYA #697,"Lomas de Río Medio Cuatro, Veracruz, Veracruz de Ignacio de la Llave","RIO GUAYA #697, Col. Lomas de Río Medio Cuatro C.P. 91808, Veracruz",,19.1873286,-96.2138383,2026-07-29T20:32:35.479198,2026-07-29T20:32:35.479198
https://www.propiedades.com/inmuebles/departamento-en-venta-reforma-00-reforma-veracruz-30980357,"MXN 2,150,000",2150000.0,MXN,0.0,73 m² const. | 2 rec. | 2 baños,,73.0,2,2,0,4 meses en Propiedades.com,REFORMA #00,"Reforma, Veracruz, Veracruz de Ignacio de la Llave","REFORMA #00, Col. Reforma C.P. 91919, Veracruz",Aire acondicionado | Cisterna,19.1707806,-96.1248675,2026-07-29T20:32:35.479198,2026-07-29T20:32:35.479198
https://propiedades.com/inmuebles/departamento-en-venta-patricio-chirinos-esquina-popocatepetl-coyol-zona-d-veracruz-30816687,"MXN 1,280,000",1280000.0,MXN,0.0,60 m² const. | 2 rec. | 1 baños,,60.0,2,1,0,6 meses en Propiedades.com,Patricio Chirinos,"Coyol Zona D, Veracruz, Veracruz de Ignacio de la Llave","Patricio Chirinos, esquina Popocatepetl, Col. Coyol Zona D C.P. 91779, Veracruz",,19.155643,-96.15466,2026-07-29T20:32:35.479199,2026-07-29T20:32:35.479199
https://propiedades.com/inmuebles/departamento-en-venta-santa-teresa-110-hacienda-sotavento-veracruz-29271825,"MXN 460,000",460000.0,MXN,0.0,40 m² const. | 2 rec. | 1 baños,,40.0,2,1,0,1 año en Propiedades.com,SANTA TERESA #110,"Hacienda Sotavento, Veracruz, Veracruz de Ignacio de la Llave","SANTA TERESA #110, Col. Hacienda Sotavento C.P. 91698, Veracruz",,19.1335969,-96.1738053,2026-07-29T20:32:35.479200,2026-07-29T20:32:35.479200
https://www.propiedades.com/inmuebles/departamento-en-venta-flores-magon-00-ricardo-flores-magon-veracruz-30688846,"MXN 3,590,000",3590000.0,MXN,0.0,112 m² const. | 3 rec. | 3 baños | 1 estac.,,112.0,3,3,1,7 meses en Propiedades.com,FLORES MAGON #00,"Ricardo Flores Magón, Veracruz, Veracruz de Ignacio de la Llave","FLORES MAGON #00, Col. Ricardo Flores Magón C.P. 91900, Veracruz",Seguridad privada | Aire acondicionado,19.1914151,-96.1275175,2026-07-29T20:32:35.479201,2026-07-29T20:32:35.479201
https://propiedades.com/inmuebles/departamento-en-venta-circuito-toledo-359-valente-diaz-infonavit-veracruz-30703560,"MXN 750,000",750000.0,MXN,0.0,60 m² const. | 2 rec. | 1 baños,,60.0,2,1,0,6 meses en Propiedades.com,CIRCUITO TOLEDO #359,"Valente Díaz INFONAVIT, Veracruz, Veracruz de Ignacio de la Llave","CIRCUITO TOLEDO #359, Col. Valente Díaz INFONAVIT C.P. 91917, Veracruz",,19.1719732,-96.22166779999999,2026-07-29T20:32:35.479202,2026-07-29T20:32:35.479202
https://propiedades.com/inmuebles/departamento-en-venta-sanchez-tagle-1717-pocitos-y-rivera-veracruz-28723128,"MXN 695,000",695000.0,MXN,0.0,59 m² const. | 2 rec. | 1 baños,,59.0,2,1,0,2 años en Propiedades.com,Sánchez Tagle #1717,"Pocitos y Rivera, Veracruz, Veracruz de Ignacio de la Llave","Sánchez Tagle #1717, Col. Pocitos y Rivera C.P. 91729, Veracruz",,19.177984,-96.150856,2026-07-29T20:32:35.479202,2026-07-29T20:32:35.479202
https://propiedades.com/inmuebles/departamento-en-venta-valente-diaz-mata-cocuite-mata-coquite-veracruz-30159068,"MXN 734,000",734000.0,MXN,0.0,45 m² const. | 2 rec. | 1 baños,,45.0,2,1,0,12 meses en Propiedades.com,Valente Díaz - Mata Cocuite,"Mata Coquite, Veracruz, Veracruz de Ignacio de la Llave","Valente Díaz - Mata Cocuite, Col. Mata Coquite C.P. 91697, Veracruz",,19.1409766,-96.2164623,2026-07-29T20:32:35.479203,2026-07-29T20:32:35.479203
https://propiedades.com/inmuebles/departamento-en-venta-av-rio-san-isidro-208-lomas-de-rio-medio-cuatro-veracruz-29451013,"MXN 429,000",429000.0,MXN,0.0,48 m² const. | 2 rec. | 1 baños,,48.0,2,1,0,1 año en Propiedades.com,AV. RIO SAN ISIDRO #208,"Lomas de Río Medio Cuatro, Veracruz, Veracruz de Ignacio de la Llave","AV. RIO SAN ISIDRO #208, Col. Lomas de Río Medio Cuatro C.P. 91808, Veracruz",,19.1867416,-96.2066098,2026-07-29T20:32:35.479204,2026-07-29T20:32:35.479204
https://www.propiedades.com/inmuebles/departamento-en-venta-coyol-000-el-coyol-veracruz-29482206,"MXN 1,250,000",1250000.0,MXN,0.0,70 m² const. | 2 rec. | 2 baños | 1 estac.,,70.0,2,2,1,1 año en Propiedades.com,coyol #000,"El Coyol, Veracruz, Veracruz de Ignacio de la Llave","coyol #000, Col. El Coyol C.P. 91780, Veracruz",Seguridad privada | Aire acondicionado | Cisterna | Elevador,19.173127,-96.1543556,2026-07-29T20:32:35.479206,2026-07-29T20:32:35.479206
https://www.propiedades.com/inmuebles/departamento-en-venta-jf-molina-esquina-matamoros-586-pinitos-veracruz-30249882,"MXN 750,000",750000.0,MXN,0.0,85 m² const. | 3 rec. | 1 baños | 1 estac.,,85.0,3,1,1,11 meses en Propiedades.com,J.F. Molina esquina Matamoros #586Int. 402 - 1,"Pinitos, Veracruz, Veracruz de Ignacio de la Llave","J.F. Molina esquina Matamoros #586Int. 402 - 1 , Col. Pinitos C.P. 91840, Veracruz",Cisterna,19.2104935,-96.1656244,2026-07-29T20:32:35.479207,2026-07-29T20:32:35.479207
https://www.propiedades.com/inmuebles/departamento-en-venta-reforma-000-reforma-veracruz-30939037,"MXN 2,750,000",2750000.0,MXN,0.0,108 m² const. | 3 rec. | 2 baños | 1 estac.,,108.0,3,2,1,5 meses en Propiedades.com,REFORMA #000,"Reforma, Veracruz, Veracruz de Ignacio de la Llave","REFORMA #000, Col. Reforma C.P. 91919, Veracruz",Seguridad privada | Aire acondicionado | Cisterna,19.1707806,-96.1248675,2026-07-29T20:32:35.479207,2026-07-29T20:32:35.479207
https://propiedades.com/inmuebles/departamento-en-venta-horacio-diaz-82-veracruz-centro-veracruz-30676867,"MXN 1,980,000",1980000.0,MXN,0.0,70 m² const. | 2 rec. | 2 baños,,70.0,2,2,0,7 meses en Propiedades.com,HORACIO DIAZ #82,"Veracruz Centro, Veracruz, Veracruz de Ignacio de la Llave","HORACIO DIAZ #82, Col. Veracruz Centro C.P. 91700, Veracruz",,19.1791641,-96.1248778,2026-07-29T20:32:35.479208,2026-07-29T20:32:35.479208
