url,precio,precio_valor,precio_moneda,mantenimiento_valor,caracteristicas,m2_totales,m2_construidos,recamaras,banos,estacionamientos,antiguedad,direccion,ubicacion,descripcion,amenidades,lat,lng,codigo_postal,scraped_created_at,scraped_updated_at
https://www.lamudi.com.mx/detalle/41032-73-e4cbabbe9e97-52c7-19c0fda-8933-74fe,"MN 2,150,000",2150000.0,MN,0.0,65 m² lote | 2 rec. | 2 banos | 1 estac.,65.0,65.0,2,2,1,N/A,"LocalizaciónIgnacio Zaragoza, Veracruz, Veracruz LlaveⓘEl anunciante prefiere no mostrar la dirección exactaVer en mapa","Veracruz Llave, Veracruz, Ignacio Zaragoza","Descripción ¡Tu nuevo hogar te espera en el corazón de Veracruz!
            

Descubre este moderno y acogedor departamento en Preventa, ideal para quienes buscan comodidad y estilo.
Este departamento es perfecto para disfrutar de momentos en familia o recibir a amigos.

VENTA  2,150,000   

Superficie:      65m2

Últimos dos departamentos disponibles.  ENTREGA PRIMAVERA 2026

Ubicación Privilegiada:

Situado en una zona estratégica de Veracruz, tendrás acceso a una variedad de servicios, incluyendo tiendas, restaurantes y áreas recreativas.
Además, estarás a pocos minutos de las hermosas playas y del vibrante centro de la ciudad.

¡No pierdas la oportunidad de hacer de este departamento tu nuevo hogar!
Contáctanos para más información sobre precios y disponibilidad.
¡Tu vida en Veracruz ",Aire acondicionado | Terraza,19.175531,-96.131276,91910,2026-07-29T20:32:08.162128,2026-07-29T20:32:08.162128
https://www.lamudi.com.mx/detalle/41032-73-d2c7ecebda7d-a87e-19ef045-9fdb-7f18,"MN 2,850,000",2850000.0,MN,0.0,80 m² lote | 2 rec. | 2 banos,80.0,80.0,2,2,0,N/A,"LocalizaciónIgnacio Zaragoza, Veracruz, Veracruz LlaveⓘEl anunciante prefiere no mostrar la dirección exactaVer en mapa","Veracruz Llave, Veracruz, Ignacio Zaragoza","Descripción Departamento Nuevo en Venta

Veracriuz, Ver

$2,850,000
+Gastos de escrituración
Precio sujeto a cambio sin previo aviso
Apartado desde $150,000

80 m2 área habitable

Sala
Comedor
Cocina integral
2 Habitaciones con clóset
2 Baños completos
Área de lavado
Estacionamiento para 1 auto
Elevador

Apartado $150,000.00
Abono a los 3 meses $150,000.00
Abono a los 6 meses $200,000.00
resto a la entrega abril 2027

Mantenimiento: $1,700.00",,19.182694,-96.125632,91910,2026-07-29T20:32:08.162166,2026-07-29T20:32:08.162166
https://www.lamudi.com.mx/detalle/41032-73-5adc412ecb6e-5e20-19c5fb4-b82a-78c1,"MN 2,750,000",2750000.0,MN,0.0,108 m² lote | 3 rec. | 2 banos | 1 estac.,108.0,108.0,3,2,1,N/A,"LocalizaciónReforma, Veracruz, Veracruz LlaveⓘEl anunciante prefiere no mostrar la dirección exactaVer en mapa","Veracruz Llave, Veracruz, Reforma","Descripción Departamento en venta – Calumar 250

????Boca del Río

Departamentos nuevos en edificio de solo 4 unidades, con excelente distribución, roof garden privado y equipamiento completo.

Precios desde:
•	Planta baja: $2,960,000
•	1er nivel: $2,890,000
•	2do nivel: $2,820,000
•	3er nivel: $2,750,000

Superficie
•	108.14 m² de construcción
Distribución
•	Sala – comedor
•	Cocina integral equipada (estufa y campana de acero inoxidable)
•	Cuarto de lavado
•	Recámara principal con clóset y baño
•	2 recámaras secundarias con clóset
•	Baño completo compartido
•	Clóset de blancos
•	Garaje para 1 auto con portón eléctrico
Roof garden
•	Pérgola
•	Tarja
•	Medio baño
•	Asador
Equipamiento
•	3 minisplits en recámaras y 1 en sala-comedor
•	Calentador de paso
•	Cisterna individual de 3,000 L
•	Tina",Aire acondicionado | Cisterna | Terraza,19.172961,-96.12532,91919,2026-07-29T20:32:08.162182,2026-07-29T20:32:08.162182
https://www.lamudi.com.mx/detalle/41032-73-ae6099c1ce57-9f46-19d3d25-a1a2-73b8,"MN 2,800,000",2800000.0,MN,0.0,80 m² lote | 2 rec. | 2 banos | 1 estac.,80.0,80.0,2,2,1,N/A,"LocalizaciónIgnacio Zaragoza, Veracruz, Veracruz LlaveVer en mapa","Veracruz Llave, Veracruz, Ignacio Zaragoza","Descripción Descubre este encantador departamento ubicado en el corazón de Ignacio Zaragoza, Veracruz, una zona que combina la tranquilidad residencial con la conveniencia urbana. Situado en el sexto piso de un edificio moderno, este departamento ofrece una superficie total de 80 m2, ideal para quienes buscan un espacio cómodo y funcional.

El departamento cuenta con una excelente distribucion, consta de dos recámaras dos baños, sala comedor, proporcionando el espacio necesario para una familia o para quienes deseen un ambiente de trabajo desde casa. La cocina es práctica y está equipada para satisfacer todas tus necesidades culinarias.

El edificio dispone de un elevador, lo que facilita el acceso a la propiedad. Además, incluye un espacio de estacionamiento, asegurando la comodidad y seg",Alberca | Terraza,19.1829974,-96.1263187,,2026-07-29T20:32:08.162194,2026-07-29T20:32:08.162194
https://www.lamudi.com.mx/detalle/41032-73-138e5db89db1-2db9-1988869-b38d-77d4,"MN 2,150,000",2150000.0,MN,0.0,65 m² lote | 2 rec. | 2 banos | 1 estac.,65.0,65.0,2,2,1,N/A,"LocalizaciónIgnacio Zaragoza, Veracruz, Veracruz LlaveVer en mapa","Veracruz Llave, Veracruz, Ignacio Zaragoza","Descripción Departamento ubicado en el punto donde tu lo necesitas

Preventa de departamento en la Calle Luz Nava casi ese con 20 de Noviembre en zona cerca de escuelas, hospitales y tiendas de conveniencia

Departamento de 65 metros cuadrados ubicado en 3er piso 
conformado por
* estancia
* cocina equipada
* 2 recamaras
* 2 baños
* 1 lugar de estacionamiento

Amenidades

Alberca
Asador
Areas verdes

Ya solo queda este departamento, aprovecha esta oportunidad

Informes al Ver teléfono Whatsapp",Aire acondicionado | Alberca | Circuito Cerrado | Cisterna | Terraza,19.1755451,-96.1307047,,2026-07-29T20:32:08.162207,2026-07-29T20:32:08.162207
https://www.lamudi.com.mx/detalle/41032-73-64c13f281290-1762-1993b80-c02a-73cb,"MN 1,350,000",1350000.0,MN,0.0,70 m² lote | 2 rec. | 2 banos | 1 estac.,70.0,70.0,2,2,1,N/A,"LocalizaciónEl Coyol, Veracruz, Veracruz LlaveⓘEl anunciante prefiere no mostrar la dirección exactaVer en mapa","Veracruz Llave, Veracruz, El Coyol","Descripción Descubre este funcional departamento con un diseño que maximiza cada metro cuadrado.

Ubicado en una zona tranquila, este inmueble ofrece un ambiente acogedor ideal para familias pequeñas o parejas.

Cuenta con acabados prácticos y una distribución inteligente que separa las áreas sociales de las privadas.

El interior consta de una sala-comedor integrada, perfecta para recibir visitas o disfrutar de momentos en familia. La cocina integral que facilita la preparación de alimentos.

Las 2 recámaras ofrecen espacios cómodos y funcionales, complementadas por 2 baños completos.

En el exterior, disfruta de un patio ideal para mascotas. Además, cuenta con 1 lugar de estacionamiento asignado.

Los servicios básicos de agua y luz están garantizados.

- Precio aplicable a cualquier tip",Circuito Cerrado,19.160988,-96.1501849,,2026-07-29T20:32:08.162220,2026-07-29T20:32:08.162220
https://www.lamudi.com.mx/detalle/41032-73-9fcd70e734a5-48f2-19b9f58-9942-75b7,"MN 1,920,000",1920000.0,MN,0.0,52 m² lote | 1 rec. | 1 bano,52.0,52.0,1,1,0,N/A,"LocalizaciónRicardo Flores Magon, Veracruz, Veracruz LlaveⓘEl anunciante prefiere no mostrar la dirección exactaVer en mapa","Veracruz Llave, Veracruz, Ricardo Flores Magon","Descripción DEPARTAMENTOS EN VENTA JARANA EN LA ZONA TURÍSTICA DEL PUERTO DE VERACRUZ
Superficie 52 m2 1 recámara
75 m2 2 recámaras
78 m2 2 recámaras

Cómodos departamentos en ubicación privilegiada a unos minutos del centro y los principales puntos turísticos del Puerto de Veracruz. A tres cuadras del boulevard Manuel Avila Camacho. 

HAY DE 1 Y 2 RECÁMARAS cuentan con:
- 1 recámara con balcón y closet
- 1 baño completo
- cocina integral con parrilla eléctrica y campana, carpintería, tarja y llave mezcladora
- sala-comedor
- cuarto de lavado
- 1 cajón de estacionamiento
Instalación para dos aires acondicionados, pisos de primera en formato 60X60 marca Porcelanite.
Roof garden con piso y medio baño, área de asador techada.

A 15 minutos caminando de los principales puntos turísticos del ce",Jardin | Terraza,19.192303,-96.128469,91900,2026-07-29T20:32:08.162231,2026-07-29T20:32:08.162231
https://www.lamudi.com.mx/detalle/41032-73-9feca10f9a99-ab14-19f9cba-bdc5-7d62,"MN 1,890,000",1890000.0,MN,0.0,70 m² lote | 2 rec. | 2 banos | 1 estac.,70.0,70.0,2,2,1,N/A,"LocalizaciónVeracruz Centro, Veracruz, Veracruz LlaveⓘEl anunciante prefiere no mostrar la dirección exactaVer en mapa","Veracruz Llave, Veracruz, Veracruz Centro","Descripción Departamento en Preventa en Calle Alacio Perez
Departamento en preventa
Ubicado en el tercer Nivel Departamento de 70 metros cuadrados 
Consta de sala, comedor, cocina integral equipada, dos recamaras, dos baños
1 lugar de estacionamiento
Departamento ubicado cerca de zona de hospitales, escuelas centros comerciales
con varias rutas de acceso
el departamento se entrega con minisplit estufa y campana

Contamos con la Propiedad ideal para personas únicas como tu .......

Nuestro mayor placer es acompañarte es acompañarte en el proceso para que obtengas ese hogar especial que estas buscando",Aire acondicionado | Circuito Cerrado,19.188641,-96.134174,91900,2026-07-29T20:32:08.162242,2026-07-29T20:32:08.162242
https://www.lamudi.com.mx/detalle/41032-73-893df710c57f-6c70-19a0b4f-a2cc-787b,"MN 1,980,000",1980000.0,MN,0.0,76 m² lote | 2 rec. | 1 bano | 1 estac.,76.0,76.0,2,1,1,N/A,"LocalizaciónVeracruz Centro, Veracruz, Veracruz LlaveⓘEl anunciante prefiere no mostrar la dirección exactaVer en mapa","Veracruz Llave, Veracruz, Veracruz Centro","Descripción Veracruz, Centro

28 Departamentos con elevador 
7 unidades por nivel

76 m2
77m2
80.5m2

Departamentos desde
$2,230,000

Recibidor
Sala 
Comedor
Cocina equipada con cubierta de granito y barra desayunador 
1 Baño completo 
1 Habitación con closet
1 Habitación con closet 
Área de lavado
1 Cajón de estacionamiento 
1 Bodega
Tanque de gas estacionado por departamento

Amenidades: 
Área de coworking (área de trabajo)
Terraza equipada
Sport bar
Elevador
Estacionamiento techado
Servicio de vigilancia con portero para tu tranquilidad 
Bodegas de almacenamiento por departamento

¡No pierdas la oportunidad! Aparta tu ubicación con solo $20,000.00, Aceptamos Todos los créditos.",Seguridad privada | Terraza,19.196146,-96.145413,91700,2026-07-29T20:32:08.162253,2026-07-29T20:32:08.162253
https://www.lamudi.com.mx/detalle/41032-73-6a9812ca9b82-971-19f71ce-86fa-7838,"MN 1,980,000",1980000.0,MN,0.0,70 m² lote | 2 rec. | 2 banos,70.0,70.0,2,2,0,N/A,"LocalizaciónIgnacio Zaragoza, Veracruz, Veracruz LlaveⓘEl anunciante prefiere no mostrar la dirección exactaVer en mapa","Veracruz Llave, Veracruz, Ignacio Zaragoza","Descripción DEPARTAMENTOS EN VENTA EN COLONIA ZARAGOZA, GENIA, GENUS
Superficie 70 m2 

Vive cerca de todo lo que necesitas!
Hospital, parque, tiendas de materiales de oficina, centro comercial, restaurantes, centros de ocio, farmacia, supermercado, colegio, estación de bomberos, hoteles y la playa, todo a pocos minutos de tu nuevo hogar. 
Comodidad y funcionalidad para ti y tu familia!!!

CARACTERÍSTICAS:
- 2 Recámaras
- 2 Baños completos
- Cocina integral con estufa y campana
- 1 Estacionamiento
- Calentador
- Interfón
- Mini Splits
- Área de lavado
- Gas estacionario individual

AMENIDADES:
Alberca
Terraza con asador y baños
Caseta de vigilancia

No dejes pasar esta excelente oportunidad de inversión. 
Contáctanos hoy mismo para agendar una visita y estrenar tu nuevo departamento en una",Aire acondicionado | Alberca | Jardin | Seguridad privada | Terraza,19.176692,-96.130575,91910,2026-07-29T20:32:08.162263,2026-07-29T20:32:08.162263
https://www.lamudi.com.mx/detalle/41032-73-37a52bee5558-ef53-19d4c90-8529-7a9d,"MN 2,630,000",2630000.0,MN,0.0,88 m² lote | 2 rec. | 2 banos | 1 estac.,88.0,88.0,2,2,1,N/A,"LocalizaciónIgnacio Zaragoza, Veracruz, Veracruz LlaveⓘEl anunciante prefiere no mostrar la dirección exactaVer en mapa","Veracruz Llave, Veracruz, Ignacio Zaragoza","Descripción Torre AG 767

Modelo A2 Y A4

Desde $2,630,000
+Gastos de escrituración

Desde
88 m2 Habitables

Sala
Comedor con balcón
Cocina integral con barra de granito
1 Habitación principal con baño completo, vestidor y balcón
1 Habitación secundaria con clóset y balcón
1 Baño completo

El edificio cuenta con:
Recepcion
Elevador para 8 personas
Garage techado
Control de acceso
Cafeteria
Gimnasio
Area de Co-work
Roof garden con alberca y vista al mar
Jacuzzi en terraza de algunos departamentos
Tanque estacionario
Cisterna y tinaco independiente",Alberca | Cisterna | Gimnasio | Jacuzzi | Terraza,19.177422,-96.124582,91919,2026-07-29T20:32:08.162273,2026-07-29T20:32:08.162273
https://www.lamudi.com.mx/detalle/41032-73-3ab62e645bc8-159a-19d6672-85c3-762c,"MN 2,800,000",2800000.0,MN,0.0,80 m² lote | 2 rec. | 2 banos | 1 estac.,80.0,,2,2,1,N/A,"LocalizaciónIgnacio Zaragoza, Veracruz, Veracruz LlaveⓘEl anunciante prefiere no mostrar la dirección exactaVer en mapa","Veracruz Llave, Veracruz, Ignacio Zaragoza","Descripción Descubre este encantador departamento ubicado en el corazón de Ignacio Zaragoza, Veracruz, una zona que combina la tranquilidad residencial con la conveniencia urbana. Situado en el sexto piso de un edificio moderno, este departamento ofrece una superficie total de 80 m2, ideal para quienes buscan un espacio cómodo y funcional.

El departamento cuenta con una excelente distribucion, consta de dos recámaras dos baños, sala comedor, proporcionando el espacio necesario para una familia o para quienes deseen un ambiente de trabajo desde casa. La cocina es práctica y está equipada para satisfacer todas tus necesidades culinarias.

El edificio dispone de un elevador, lo que facilita el acceso a la propiedad. Además, incluye un espacio de estacionamiento, asegurando la comodidad y seg",Alberca | Terraza,19.178049,-96.128843,91910,2026-07-29T20:32:08.162284,2026-07-29T20:32:08.162284
https://www.lamudi.com.mx/detalle/41032-73-b8df7362362d-a015-19f2621-9452-7a1a,"MN 1,990,000",1990000.0,MN,0.0,3 rec. | 2 banos | 1 estac.,,,3,2,1,N/A,"LocalizaciónReforma, Veracruz, Veracruz LlaveⓘEl anunciante prefiere no mostrar la dirección exactaVer en mapa","Veracruz Llave, Veracruz, Reforma",Descripción departamento  en venta fraccionamiento Reforma cerca de escuelas y centros comerciales 3 recamaras estacionamiento techado cocina equipada 2 climas,Aire acondicionado | Circuito Cerrado | Cisterna,19.1701489,-96.13004029999999,,2026-07-29T20:32:08.162295,2026-07-29T20:32:08.162295
https://www.lamudi.com.mx/detalle/41032-73-28894eac8ec2-d97b-194b52e-833b-7aab,"MN 2,150,000",2150000.0,MN,0.0,65 m² lote | 2 rec. | 2 banos | 1 estac.,65.0,65.0,2,2,1,N/A,"LocalizaciónIgnacio Zaragoza, Veracruz, Veracruz LlaveVer en mapa","Veracruz Llave, Veracruz, Ignacio Zaragoza","Descripción Atención inversionistas, tenemos a la venta preciosos departamentos de 2 recámaras y alberca, se encuentran ubicados estratégicamente en una de las mejores zonas del puerto de Veracruz, muy cerca de Hospital regional, universidad Veracruz, ADO, Acuario, playas.
No dejes pasar ésta gran oportunidad y aprovecha tu crédito o de contado.
ganalo!
Último disponible:
En el Nivel 3 
Piso 4. EasyBroker ID: EB-RE3627",Aire acondicionado | Alberca | Jardin,19.175545,-96.130705,91910,2026-07-29T20:32:08.162305,2026-07-29T20:32:08.162305
https://www.lamudi.com.mx/detalle/41032-73-21fb5b7d988c-8ba1-19c7808-bff8-760a,"MN 2,750,000",2750000.0,MN,0.0,108 m² lote | 3 rec. | 2 banos | 1 estac.,108.0,108.0,3,2,1,N/A,"LocalizaciónReforma, Veracruz, Veracruz LlaveVer en mapa","Veracruz Llave, Veracruz, Reforma","Descripción Departamento ubicado en la calle pinzon
Departamento totalmente terminado en el Fraccionamiento Reforma en la Ciudad de Boca del Rio, Ver

Departamento de 108 metros cuadrados de construccion, cuenta
con:
Sala comedor
cocina integral
Tres Recamaras amplias
recamaras con closet
estacionamiento

Informes al Ver teléfono Whatsapp",Aire acondicionado | Circuito Cerrado,19.1716051,-96.12451,,2026-07-29T20:32:08.162315,2026-07-29T20:32:08.162315
https://www.lamudi.com.mx/detalle/41032-73-d196f2f3ddc0-a860-19a929d-98e3-74f6,"MN 4,700,000",4700000.0,MN,0.0,339 m² lote | 3 rec. | 1 bano,339.0,339.0,3,1,0,N/A,"LocalizaciónVeracruz Centro, Veracruz, Veracruz LlaveⓘEl anunciante prefiere no mostrar la dirección exactaVer en mapa","Veracruz Llave, Veracruz, Veracruz Centro","Descripción VENTA de Deptos 
ZONA CENTRO en Veracruz.
Superficie 339.76 Mts (13.70 x 24.80)

Edificio de tres niveles 
Planta baja y dos niveles cada uno con 3 deptos
9 departamentos en total.  En cada nivel hay un departamento de 90m2 y dos departamentos de 75m2
Distribución:
Sala comedor, cocina
Dos habitaciones con closets, un baño y patio de servicio",Cisterna,19.1969823,-96.1381188,,2026-07-29T20:32:08.162324,2026-07-29T20:32:08.162324
https://www.lamudi.com.mx/detalle/41032-73-8a554f1f3d45-1dc4-19e8f9a-877f-7383,"MN 2,150,000",2150000.0,MN,0.0,110 m² lote | 3 rec. | 2 banos | 1 estac.,110.0,110.0,3,2,1,N/A,"LocalizaciónRicardo Flores Magon, Veracruz, Veracruz LlaveVer en mapa","Veracruz Llave, Veracruz, Ricardo Flores Magon","Descripción *ESCOBARS BR VENDE* 

*PENT HOUSE, Col Zaragoza. Veracruz.* tercer nivel

*Consta de;*
Piso 1; sala, comedor, cocina, ojo de patio, baño completo, área de blancos, dos recámaras.

Planta alta; recámara principal con baño y terraza.

Estacionamiento para un auto, alberca.

*PRECIO*; $2,150,000.00

*Contáctanos al*;

*Somos los de la llavecita*🔑",Alberca | Terraza,19.19172918,-96.13005728,91900,2026-07-29T20:32:08.162333,2026-07-29T20:32:08.162333
https://www.lamudi.com.mx/detalle/41032-73-f283adcf5ca5-de8-19e2f42-b204-78bd,"MN 4,210,000",4210000.0,MN,0.0,140 m² lote | 2 rec. | 2 banos | 1 estac.,140.0,140.0,2,2,1,N/A,"LocalizaciónIgnacio Zaragoza, Veracruz, Veracruz LlaveⓘEl anunciante prefiere no mostrar la dirección exactaVer en mapa","Veracruz Llave, Veracruz, Ignacio Zaragoza","Descripción Ven y conoce nuestros departamentos en Torre residencial AG-767 ubicados en la colonia Ignacio Zaragoza en Veracruz, Ver. Conformado por 8 departamentos, este proyecto ofrece una de las zonas con mayor seguridad y comfort, teniendo como escenario el mar a 150 mts y en una avenida muy amplia y con lugares estrategicos de compras en super y mercado.
Este departamento cuenta con una construcción de 140M2.

Departamentos en venta Torre AG-767 en la colonia Ignacio Zaragoza en Veracruz, ver.

Sala-comedor
cocina integral con barra de granito
2 recámaras
2 baños

area de lavado
un cajon de estacionamiento techado
Totalmente climatizado
Gas estacionario
Cisterna y Tinaco independiente por cada departamento

Adicionales:
Elevador para 8 personas
Recepción
Control de seguridad
Cafeteria",Aire acondicionado | Alberca | Cisterna | Gimnasio | Jacuzzi | Terraza,19.178182,-96.125325,91910,2026-07-29T20:32:08.162343,2026-07-29T20:32:08.162343
https://www.lamudi.com.mx/detalle/41032-73-33aa10125929-d63f-19a0ba8-815b-71ff,"MN 1,920,000",1920000.0,MN,0.0,56 m² lote | 2 rec. | 1 bano,56.0,56.0,2,1,0,N/A,"LocalizaciónRicardo Flores Magon, Veracruz, Veracruz LlaveⓘEl anunciante prefiere no mostrar la dirección exactaVer en mapa","Veracruz Llave, Veracruz, Ricardo Flores Magon","Descripción Departamento en Venta 

Veracruz desde $1,920,000 MXN

Ubicados a solo tres cuadras del Boulevard Manuel Ávila Camacho, en la colonia Ricardo Flores Magón, estos departamentos ofrecen una excelente ubicación cerca de la zona turística del Puerto de Veracruz.

Col. Ricardo Flores Magon

Consta de 11 departamentos distribuidos en cuatro niveles, con tres tipologías diferentes, todos con un cajón de estacionamiento y balcón privado. Además, cuenta con rooftop de uso común.

Modelos disponibles:
 •	Tipo A: 78.92 m², 2 recámaras, 2 baños completos
 •	Tipo B: 75.36 m², 2 recámaras, 2 baños completos
 •	Tipo C: 56.26 m², 1 recámara, 1 baño completo

Cada unidad incluye sala-comedor, cocina integral, cuarto de lavado y preparación para minisplit en todas las áreas.

Precio de preventa ",Aire acondicionado | Terraza,19.191586,-96.128163,91900,2026-07-29T20:32:08.162352,2026-07-29T20:32:08.162352
https://www.lamudi.com.mx/detalle/41032-73-8bf9b080de44-4258-19f489a-bbc4-7c0f,"MN 1,250,000",1250000.0,MN,0.0,70 m² lote | 2 rec. | 2 banos,70.0,70.0,2,2,0,N/A,"LocalizaciónEl Coyol, Veracruz, Veracruz LlaveⓘEl anunciante prefiere no mostrar la dirección exactaVer en mapa","Veracruz Llave, Veracruz, El Coyol","Descripción DEPARTAMENTOS EN VENTA EN EL COYOL CON VISTA A LA LAGUNA 
Superficie 70 m2 y 90 m2

Vive en una zona tranquila y con excelente ubicación en El Coyol, con fácil acceso a supermercados, tiendas de conveniencia, escuelas y todos los servicios que necesitas en tu día a día.

Disfruta de una hermosa vista a la laguna, en un entorno ideal para familias jóvenes o como inversión inteligente.

Características generales:
 Interfón en todos los departamentos
 Área de juegos infantiles 
 Estacionamiento cerrado para 1 auto 
 Mantenimiento mensual: $700 (incluye agua)

 Opción 1 – 70 m² | Desde $1,250,000
2 recámaras con clóset
Recámara principal con baño completo
1 baño completo adicional
Sala - comedor
Cocina abierta
Área de lavado

 Opción 2 – 90 m² | Desde $1,500,000
3 recámaras con cló",,19.158421,-96.149916,91779,2026-07-29T20:32:08.162362,2026-07-29T20:32:08.162362
https://www.lamudi.com.mx/detalle/41032-73-70d6b95f7ffd-b581-19cdf9d-ab1c-736d,"MN 2,850,000",2850000.0,MN,0.0,2 rec. | 2 banos | 1 estac.,,,2,2,1,N/A,"LocalizaciónIgnacio Zaragoza, Veracruz, Veracruz LlaveⓘEl anunciante prefiere no mostrar la dirección exactaVer en mapa","Veracruz Llave, Veracruz, Ignacio Zaragoza","Descripción Preventa torre de 28 departamentos con elevador,  de 2 recámaras, 2 baños, cocina integral con cubierta de granito, roof con alberca, 1 lugar de estacionamiento, muy cerca del Malecón, las playas de Villa del Mar, Acuario de Veracruz.",Alberca | Terraza,19.18359442,-96.12747598,91910,2026-07-29T20:32:08.162371,2026-07-29T20:32:08.162371
https://www.lamudi.com.mx/detalle/41032-73-96ec5b42ef38-8bec-19ba648-ab34-7dc0,"MN 2,850,000",2850000.0,MN,0.0,80 m² lote | 2 rec. | 2 banos | 1 estac.,80.0,80.0,2,2,1,N/A,"LocalizaciónIgnacio Zaragoza, Veracruz, Veracruz LlaveⓘEl anunciante prefiere no mostrar la dirección exactaVer en mapa","Veracruz Llave, Veracruz, Ignacio Zaragoza","Descripción Departamento moderno y acogedor en Preventa, ideal para quienes buscan comodidad, tranquilidad y un nuevo estilo de vida con una inversión inteligente. Torre Bartolomé está ubicada a unos pasos de la playa Villa del Mar y del Acuario de Veracruz y a tan sólo unos minutos de colegios, bancos, restaurantes, y centros comerciales.  Agenda tu cita con Marbelo Inmuebles, informes Ver teléfono Whatsapp venta         $2,850,000       (Fecha estimada de entrega Diciembre 2026)
Superficie:          80m2

Torre de 28 departamentos

DESCRIPCION
•	Sala
•	Comedor
•	Cocina integral
•	Recámara principal con vestidor y baño completo
•	Recámara secundaria con closet
•	Baño completo compartido
•	Cochera para 1 auto
•	Cuarto de lavado

AMENIDADES
•	Rooftop con alberca
•	Seguridad las 24 horas
•	E",Alberca | Terraza,19.183354,-96.127142,91910,2026-07-29T20:32:08.162379,2026-07-29T20:32:08.162379
https://www.lamudi.com.mx/detalle/41032-73-3eef2d42ad92-41c2-19b9ad5-ac69-713f,"MN 2,900,000",2900000.0,MN,0.0,98 m² lote | 3 rec. | 2 banos | 2 estac.,98.0,98.0,3,2,2,N/A,"LocalizaciónMata de Pita, Veracruz, Veracruz LlaveⓘEl anunciante prefiere no mostrar la dirección exactaVer en mapa","Veracruz Llave, Veracruz, Mata de Pita","Descripción Se vende hermoso Penthouse en Veracruz en exclusivo Cluster
Cuenta con:
-Sala comedor 
-Cocina integral
-3 recámaras
-2 baños completos
-Cuarto de lavado
-Balcón
-4 aires acondicionados
-Gas estacionario

Amenidades:
-Laguna
-Alberca
-Gimnasio
-Cancha de fútbol y basquetbol

El penthouse puede vnederse con muebles (opcional)
°Refrigerador c/fábrica de hielos
°Sofá cama
°Mesa c/sombrilla (6 sillas y love)
°Cabecera de cama acolchonada
°2 camas queen size (box y colchón}
°2 cajoneras
°Cama inflable queen size
°Telescopio 

Precio de Venta $2,900,000
Muebles $50,000",Aire acondicionado | Alberca | Gimnasio | Seguridad privada | Terraza,19.1316625,-96.169983,,2026-07-29T20:32:08.162454,2026-07-29T20:32:08.162454
https://www.lamudi.com.mx/detalle/41032-73-65498342bef7-3ba9-19f8d23-8a49-70b5,"MN 4,400,000",4400000.0,MN,0.0,95 m² lote | 2 rec. | 2 banos | 2 estac.,95.0,95.0,2,2,2,N/A,"LocalizaciónVeracruz Centro, Veracruz, Veracruz LlaveVer en mapa","Veracruz Llave, Veracruz, Veracruz Centro","Descripción Departamentos en Venta | Torre Arista 500, Centro de Veracruz

Vive con comodidad, seguridad y una excelente ubicación en el corazón de Veracruz. Departamentos listos para habitar con acabados de calidad y amenidades exclusivas.

Características:
 2 recámaras
 2 baños completos
 Sala y comedor con terraza
 Cocina integral equipada
 Área de lavado
 2 cajones de estacionamiento
 Climas y calentador incluidos
Amenidades:

 Alberca • Roof Garden • Salón de eventos • Elevador • Recepción • Barbería • Valet Parking • Seguridad 24/7

Departamentos disponibles:
 Arista 10A – 151 m² – $5,750,000
 Arista 10B – 116 m² – $5,400,000
 Arista 10C – 95 m² – $4,400,000
 Arista 10D – 95 m² – $4,400,000
 Arista 10E – 120 m² – $4,900,000",Aire acondicionado | Alberca | Cisterna | Seguridad privada | Terraza,19.1978645,-96.13815679999999,,2026-07-29T20:32:08.162464,2026-07-29T20:32:08.162464
https://www.lamudi.com.mx/detalle/41032-73-8a382f812348-2993-197b6de-a04c-774e,"MN 2,860,000",2860000.0,MN,0.0,105 m² lote | 2 rec. | 2 banos | 1 estac.,105.0,105.0,2,2,1,N/A,"LocalizaciónIgnacio Zaragoza, Veracruz, Veracruz LlaveVer en mapa","Veracruz Llave, Veracruz, Ignacio Zaragoza","Descripción Tenemos en Preventa Hermosos Departamentos en Torre Ángel Gabriel ubicada en la Col I Zaragoza.
Consta de 2 Recámaras, Principal con baño, Baño Compartido, Sala, Comedor, Cocina integral, Área de Servicio, Terraza.
Muy cerca de Centros Comerciales, Escuelas, Farmacias, Restaurantes, Gasolineras, etc. EasyBroker ID: EB-TN5781",Aire acondicionado | Alberca | Terraza,19.178049,-96.128843,91910,2026-07-29T20:32:08.162473,2026-07-29T20:32:08.162473
https://www.lamudi.com.mx/detalle/41032-73-90353d153884-c807-19e1fdc-b448-720c,"MN 2,657,500",2657500.0,MN,0.0,2 rec. | 2 banos | 1 estac.,,,2,2,1,N/A,"LocalizaciónReforma, Veracruz, Veracruz LlaveⓘEl anunciante prefiere no mostrar la dirección exactaVer en mapa","Veracruz Llave, Veracruz, Reforma","Descripción Preventa de Departamentos Torre Aldema ubicada en el Fraccionamiento Reforma, Veracruz, Veracruz.  Con un diseño moderno, acogedor y funcional, ideal para quienes buscan comodidad, tranquilidad y estilo.  Ubicado a tan sólo unos minutos de restaurantes, bancos, escuelas y centros comerciales.  Agenda tu cita con Marbelo Inmuebles y conócelos.  Informes Ver teléfono Whatsapp PREVENTA: precios desde $2,657,500

Superficie desde:     78.33m2   hasta   138.34m2

Torre de 15 departamentos

DESCRIPCION
•	Sala
•	Comedor
•	Cocina integral con granito
•	2 recámaras con closet
•	2 baños completos
•	Área de lavado

AMENIDADES
•	Roof top
•	Elevador
•	Estacionamiento techado

*Precio sujeto a cambios sin previo aviso
*El precio no incluye gastos de escrituración e impuesto",Terraza,19.170578,-96.125447,91919,2026-07-29T20:32:08.162483,2026-07-29T20:32:08.162483
https://www.lamudi.com.mx/detalle/41032-73-f7da51092b7a-d031-19e8a35-a4e1-7519,"MN 6,900,000",6900000.0,MN,0.0,648 m² lote | 8 rec. | 6 banos,648.0,648.0,8,6,0,N/A,"LocalizaciónRicardo Flores Magon, Veracruz, Veracruz LlaveⓘEl anunciante prefiere no mostrar la dirección exactaVer en mapa","Veracruz Llave, Veracruz, Ricardo Flores Magon","Descripción *ESCOBARS BIENES RAÍCES VENDE*


*PROPIEDAD CON ACCESORIAS*. A SOLO DOS CUADRAS DEL MAR.
Ideal para rentas vacionales y/o un pequeño pero funcional hotel.

Horacio Díaz. Col Zaragoza. Veracruz. Ver.


1 Casa de dos niveles 
5 Departamentos y una oficina.

*Medidas* 
T - 648 m2
C - 613 m2
53x13

*Precio* $6,900,000.00

Contactos al whatsap; Ver teléfono Whatsapp *Somos los de la*🔑",,19.18409031,-96.12585023,91900,2026-07-29T20:32:08.162492,2026-07-29T20:32:08.162492
https://www.lamudi.com.mx/detalle/41032-73-561606c746eb-1a93-1967f3c-b66f-7383,"MN 783,500",783500.0,MN,0.0,47 m² lote | 2 rec. | 1 bano,47.0,47.0,2,1,0,N/A,"LocalizaciónTejería, Veracruz, Veracruz LlaveVer en mapa","Veracruz Llave, Veracruz, Tejería","Descripción Departamentos Nuevos en cluster con Alberca en Zona industrial a 5 min de la carretera, Seminario IV

Precio:
Planta baja: $783,500 
Planta media: $722,500
Planta alta: $713,500

Construction : 47 m2 

▪2 recámaras con clóset 
▪1 baño completo 
▪Sala
▪Comedor 
▪Cocina 
▪Patio de servicio 
▪Alberca 
▪Área de juegos  
▪Asadores",Aire acondicionado | Alberca | Circuito Cerrado | Terraza,19.1465922,-96.2118831,,2026-07-29T20:32:08.162502,2026-07-29T20:32:08.162502
https://www.lamudi.com.mx/detalle/41032-73-75edd1c0c6b7-cca0-19d666a-bafa-70f3,"MN 2,050,000",2050000.0,MN,0.0,70 m² lote | 2 rec. | 2 banos | 1 estac.,70.0,70.0,2,2,1,N/A,"LocalizaciónVeracruz Centro, Veracruz, Veracruz LlaveⓘEl anunciante prefiere no mostrar la dirección exactaVer en mapa","Veracruz Llave, Veracruz, Veracruz Centro","Descripción GENESIS

$2,050,000
+Gastos de escrituración

70 m2
Habitables

Sala
Comedor
Cocina integral con estufa y campana
2 Recámaras
2 Baños
1 Cajón de estacionamiento
Calentador
Interfón
Mini Splits
Área de lavado",,19.184959,-96.130565,91910,2026-07-29T20:32:08.162511,2026-07-29T20:32:08.162511
https://www.lamudi.com.mx/detalle/41032-73-82e15fe3d416-fe46-19b0181-9964-77ef,"MN 1,980,000",1980000.0,MN,0.0,70 m² lote | 2 rec. | 2 banos | 1 estac.,70.0,70.0,2,2,1,N/A,"LocalizaciónIgnacio Zaragoza, Veracruz, Veracruz LlaveⓘEl anunciante prefiere no mostrar la dirección exactaVer en mapa","Veracruz Llave, Veracruz, Ignacio Zaragoza","Descripción DEPARTAMENTO EN VENTA

GENIA

Col. Centro, Veracruz
Diseñado para quienes buscan ubicación estratégica, comodidad y plusvalía.

Características 
•	70 m²
•	2 recámaras
•	2 baños completos
•	Sala
•	Comedor
•	Cocina equipada
•	Área de servicio
•	Minisplits
•	Terraza individual
•	1 cajón de estacionamiento
•	Tanque de gas estacionario individual

Diseño inteligente y distribución moderna, ideal para vivir o invertir.

Amenidades:
•	Alberca
•	Área de pergolado
•	Caseta de vigilancia
•	Ubicación privilegiada
•	Solo 12 departamentos tendrán 2 cajones de estacionamiento (beneficio exclusivo en preventa)

Ubicación Estratégica

A unos minutos de hospitales, parques, zona comercial y vías principales.

Desde $1,980,000

Ideal para:
•	Médicos residentes
•	Estudiantes de posgrado
•	Profesi",Aire acondicionado | Alberca | Seguridad privada | Terraza,19.180567,-96.131643,91700,2026-07-29T20:32:08.162520,2026-07-29T20:32:08.162520
