url,precio,precio_valor,precio_moneda,mantenimiento_valor,caracteristicas,m2_totales,m2_construidos,recamaras,banos,estacionamientos,antiguedad,lat,lng,direccion,ubicacion,descripcion,amenidades,scraped_created_at,scraped_updated_at
https://www.inmuebles24.com/propiedades/desarrollo/ememvein-tauri-luxury-living-150374892.html?n_src=Listado&n_pg=1&n_pos=1&n_search_id=7915746c-7dd2-4701-80df-f9a1b9bfd177,"Departamentos desdeMN 9,560,000",9560000.0,MN,0.0,127 un. | 3 rec. | 220 m² lote,,,3,0,0,N/A,19.1590231,-96.1007444,"Blvd. Manuel Ávila Camacho 2222, Costa de Oro","Fraccionamiento Costa de Oro, Boca del Río","Hay decisiones que definen cómo vas a vivir los próximos años. Tauri Luxury Living es una de ellas: un desarrollo residencial en Boca del Río donde la arquitectura, las vistas y el estilo de vida exclusivo convergen en un solo lugar. Porque vivir bien no es un privilegio — es una elección. Departamentos con vistas panorámicas y amenidades de clase internacional, en una torre de 37 niveles diseñada por jra Arquitectos. Entrega en obra gris que te permiten diseñar tu hogar a tu estilo y personalidad. Departamentos de 2 habitaciones: Desde 130 a 145m2. 2. 5 baños / 2 estac. Departamentos de 3 habitaciones: Desde 185 a 220m2. 3. 5baños / 2 estac. Más de 15 amenidades y servicios: -Infinity pool. -Sala de cine. -Cancha de pádel. -Skybar. -Gimnasio. -Zona trx. -Ludoteca. -Pool bar & grill. -Wellness center. -Asoleaderos. -Motor lobby. -Business center. -Salón social. -Bodegas. -Jardines. -Recepción. Preventa activa. 45% ya vendido. Proyecto ya en construcción. Ubicación privilegiada en Boca del Río, Veracruz",,2026-07-29T20:33:23.662895,2026-07-29T20:33:23.662895
https://www.inmuebles24.com/propiedades/clasificado/veclapin-vive-el-lujo-en-este-penthouse-ensueno-147820015.html?n_src=Listado&n_pills=Patio&n_pg=1&n_pos=2&n_search_id=7915746c-7dd2-4701-80df-f9a1b9bfd177,"MN 12,500,000",12500000.0,MN,0.0,360 m² lote | 3 rec. | 2 baños | 2 estac.,360.0,360.0,3,2,2,N/A,19.08875,-96.104843,"95264 El Conchal, Ver., Mexico","Unidad habitacional San Buenaventura, Río Blanco","Estilo y comodidad en amplios espacios, con ubicación privilegiada. Fraccionamiento Playas del Conchal, está desarrollado entre dos campos de golf y rodeado de centros comerciales. Distribuido en 3 niveles, encontrarás cocina con barr, bar, estancia, estudio. Recámara principal con doble vestidor, spa, baño completo y terraza, 2 recámaras secundarias una de ellas con baño completo y terraza. Cuarto de servicio, área de lavado y 2 lugares de estacionamiento. Exclusivas amenities: alberca con jacuzzi y acceso privado a la playa. Aviso de privacidad, así como quejas, sugerencias y más, consulta nuestro sitio oficial o contáctanos para más detalle. No incluye el mobiliario mostrado en las fotografías. El precio es más gastos e impuestos de escrituración. El pago podrá realizarse con recursos propios o con crédito hipotecario de cualquier institución, pública o privada, sujeto a la negociación que lleguen las partes de la compraventa y a las políticas de la institución correspondiente. En las operaciones de crédito el costo total se determinará en función de los montos variables de conceptos de crédito y gastos notariales. Nom-247",,2026-07-29T20:33:23.662912,2026-07-29T20:33:23.662912
https://www.inmuebles24.com/propiedades/desarrollo/ememvein-departamento-en-venta-torre-camino-real-boca-del-rio-148916761.html?n_src=Listado&n_pg=1&n_pos=3&n_search_id=7915746c-7dd2-4701-80df-f9a1b9bfd177,"Departamentos desdeMN 3,200,000",3200000.0,MN,0.0,4 un. | 2 rec. | 138 m² lote,,,2,0,0,N/A,19.1235870848,-96.1072000554,Departamento en Venta Torre Camino Real Boca del Río • 138 m² • 2 Rec • 3 Baños • A 2 Cuadras de Playa • Alberca y Elevador,"El Morro las Colonias, Boca del Río","Ubicado a una cuadra del mar en Boca del Río, este departamento en Torre Camino Real combina cercanía a la playa, diseño contemporáneo y distribución amplia dentro de un desarrollo residencial de baja densidad con elevador y roof garden común. Cada unidad ofrece 138. 91 m² de construcción con espacios iluminados naturalmente y pensados para la vida diaria: sala-comedor con balcón hacia la calle principal, cocina amplia con barra desayunador, dos recámaras con baño propio y Sala de tv con opción a convertirse en una tercer recámara; la principal con vestidor y baño completo, la secundaria con clóset y baño propio, además de un tercer baño completo para visitas. Integra también cuarto con área de lavado, bodega en azotea y paneles solares. El edificio incluye elevador con capacidad para 4–6 personas, dos cajones de estacionamiento por departamento, Alberca en planta baja y roof garden común con área de asador y zona de comedores, ideales para reuniones sociales. La ubicación permite conexión inmediata con Boulevard Miguel Alemán, comercios, gimnasios y servicios, manteniendo al mismo tiempo la ventaja de estar a pasos de la playa. Cada unidad cuenta con: - 2 Recámaras (Principal con baño completo y vestidor, Secundaria con baño completo y clóset) - 3 Baños Completos- Sala- Comedor (Comedor con espacio para 8 plazas) - Cocina (Cocina amplia con barra/desayunador y acceso a un baño completo- Sala de Estar con acceso a balcón y vista a la calle principal- Sala de tv con opcion a cerrar y ser 3a recamara- Cuarto de lavado y alacena- Vestíbulo con acceso a recámaras y Sala de tv. - Garage Amplio con capacidad para 2 cajones de estacionamiento por departamentoAmenidades y Áreas Comunes: - Alberca y área Verde Social en el acceso principal- Elevador con capacidad para 4-6 personas y escaleras amplias. - Azotea con Roof Garden, Ideal para la convivencia y reuniones sociales- Área con Asador y zona de comedores- Bodega en Azotea para usos múltiples (1 por departamento) - Elevador",Alberca | Roof Garden,2026-07-29T20:33:23.662916,2026-07-29T20:33:23.662916
https://www.inmuebles24.com/propiedades/clasificado/veclapin-departamentos-en-venta-torre-asmara-boca-del-rio.-150608302.html?n_src=Listado&n_pills=%C3%81rea+de+lavado&n_pg=1&n_pos=4&n_search_id=7915746c-7dd2-4701-80df-f9a1b9bfd177,"MN 1,750,000",1750000.0,MN,0.0,65 m² lote | 1 rec. | 1 baño | 1 estac.,65.0,65.0,1,1,1,A estrenar,19.1456604,-96.1225328,Boca del Río,"Adalberto Tejeda, Boca del Río",Superficie 65 m2. 1 Recamara. A 5 min de Plaza Americas y Andamar. Fácil movilidad a toda la ciudad. características: Estacionamiento para 1 auto. Espacio Sala-Comedor. Cocina integral. 1 Recamara. 1 Baño completos. Área de lavado techada. equipamiento: Ducteria para aires acondicionados en todas las áreas. Tanque estacionario. Calentador de gas. Rotoplas. Cisterna con bomba. Construcción con ladrillo térmico y acústico,,2026-07-29T20:33:23.662920,2026-07-29T20:33:23.662920
https://www.inmuebles24.com/propiedades/desarrollo/ememvein-departamentos-frente-al-mar-en-boca-del-rio-azure-149287757.html?n_src=Listado&n_pg=1&n_pos=5&n_search_id=7915746c-7dd2-4701-80df-f9a1b9bfd177,"Departamentos desdeMN 4,290,000",4290000.0,MN,0.0,2 un. | 2 a 3 rec. | 98 a 178 m² lote,,,2,0,0,N/A,19.1681687,-96.112482,Departamentos frente al mar en Boca del Río | AZURE | 2 y 3 recámaras | Amenidades premium,"Costa Verde, Boca del Río","Azure es un nuevo desarrollo residencial frente al mar en Boca del Río diseñado para quienes buscan vivir con estilo, comodidad y conexión con la vida social de la zona. El proyecto integra arquitectura contemporánea, amenidades premium y una ubicación estratégica sobre el Blvd. Manuel Ávila Camacho, una de las zonas con mayor plusvalía de la conurbación. Con solo 49 departamentos, azure ofrece una experiencia residencial exclusiva con vistas al mar, espacios funcionales y amenidades diseñadas para disfrutar cada día. Entrega estimada: Otoño 2027. Ubicado en Boca del Río, en una zona privilegiada con acceso inmediato a los principales puntos de la ciudad. azure es un desarrollo residencial que combina diseño contemporáneo, funcionalidad y estilo de vida frente al mar. El edificio contará con 49 departamentos, distribuidos en tipologías de dos y tres habitaciones diseñadas para ofrecer amplitud, confort y vistas privilegiadas. Tipologías disponibles: Departamentos de 2 habitaciones• 90 a 97 m²• 102 a 110 m²• Algunas unidades con terrazas hasta 152 m²Departamentos de 3 habitaciones• 178 a 200 m²Acabados: • Pisos de mármol• Carpintería en cocina y clósets• Cancelería premium azure contará con 11 amenidades premium diseñadas para disfrutar y convivir: • Alberca• Wet bar• Bar exterior• Asoleadero• Gimnasio• Rooftop bar• Rooftop con jacuzzi• Salón social privado• Terraza• Coworking• Lobby de recepción",Alberca,2026-07-29T20:33:23.662922,2026-07-29T20:33:23.662922
https://www.inmuebles24.com/propiedades/clasificado/veclapin-departamento-en-venta-residencial-valdrada-boca-del-150037903.html?n_src=Listado&n_pills=Alberca&n_pg=1&n_pos=6&n_search_id=7915746c-7dd2-4701-80df-f9a1b9bfd177,"MN 3,250,000",3250000.0,MN,0.0,103 m² lote | 2 rec. | 2 baños | 1 estac.,103.0,103.0,2,2,1,A estrenar,19.095161,-96.10912909999999,Residencial Valdrada,"Ejido San Jose Novillero, Boca del Río",Superficie 103. 2 Recamaras. Fraccionamiento con amenidades y seguridad las 24 hrs. Cerca de Plaza El Dorado. Salida al Rio. A unos minutos de la playa y del centro de Boca del Rio. Segunda etapa entrega Verano 2026. características: Estacionamiento para 1 auto. Espacio Sala-Comedor. Terraza privada. Cocina integral con barra de granito. 2 Recamaras. 2 Baños. Área de lavado. amenidades: Cancha de pádel. Área de coworking. Zona de asadores. Albercas. Salón de eventos. Restaurantes. Área de juegos infantiles. Cine y ludoteca. Sports bar. Gimnasios. Spa. Área de yoga. Zona de adultos con carril de nado. Pool bar. Roof garden,,2026-07-29T20:33:23.662925,2026-07-29T20:33:23.662925
https://www.inmuebles24.com/propiedades/clasificado/veclapin-departamento-en-venta-torre-residencial-francisco-150094452.html?n_src=Listado&n_pills=Terraza&n_pg=1&n_pos=7&n_search_id=7915746c-7dd2-4701-80df-f9a1b9bfd177,"MN 2,500,000",2500000.0,MN,0.0,116 m² lote | 2 rec. | 2 baños | 2 estac.,116.0,116.0,2,2,2,1 años,19.1458054,-96.1204386,Francisco Villa,"Revolución, Boca del Río",Superficie 116 m2. Con Paneles Solares. A solo dos cuadras de Calzada Lázaro Cárdenas. A 3 minutos de plaza Urban Center. características: Cochera para 2 autos. Bodega en azotea. Espacio Sal-comedor. 1/2 Baño. Cocina con barra. Cuarto de lavado. Recamara principal con vestidor y baño completo. Recamara secundaria con closet y baño completo. amenidades: Roof garden. Área social. Paneles solares,,2026-07-29T20:33:23.662928,2026-07-29T20:33:23.662928
https://www.inmuebles24.com/propiedades/clasificado/veclapin-departamento-amueblado-en-venta-levant-boca-del-rio-149971861.html?n_src=Listado&n_pills=Aire+acondicionado&n_pg=1&n_pos=8&n_search_id=7915746c-7dd2-4701-80df-f9a1b9bfd177,"MN 8,600,000",8600000.0,MN,0.0,182 m² lote | 3 rec. | 3 baños | 3 estac.,182.0,182.0,3,3,3,10 años,19.1261343859,-96.1060580165,Departamento Amueblado en Venta Levant Boca del Río,"Boca del Río, Veracruz","Departamento Amueblado en VentaTorre LevantBoca del Río, Ver. Exclusivo departamento ubicado en Torre Levant, en una de las zonas mas privilegiadas de Boca del Río. Su altura y orientación ofrecen vistas espectaculares al mar y a la ciudad, así como amaneceres inigualables y una agradable vista marina. $8, 600, 000. 00+ Gastos de escrituración 182 m2 AmuebladoSalaComedorCocina integral con barra de cuarzo, estufa, campana, horno, refrigerador y barra desayunadorMedio baño de visitasCuarto de lavadoCuarto de tv1 Habitación principal con baño completo, vestidor y balcon1 Habitación secundaria con closet y baño completo1 Habitación secundaria con closet y baño completo3 Cajones de estacionamiento 2 BodegasLas amenidades de la Torre Levant son inigualables. Podrás relajarte en la alberca, distrutar del jacuzzi, o pasar un buen rato en el área de asadores y fogatero. Si tienes niños, la ludoteca y el chapoteadero serán sus lugares favoritos. Ademas, cuentas con un gimnasio completamente equipado, una cancha de futbol, salas de trabajo, salón de juegos y un salón de usos multiples para eventos. Todo lo que necesitas está aquí.",,2026-07-29T20:33:23.662930,2026-07-29T20:33:23.662930
https://www.inmuebles24.com/propiedades/clasificado/veclapin-departamento-en-venta-azure-residencial-boca-del-rio.-149144849.html?n_src=Listado&n_pills=Alberca&n_pg=1&n_pos=9&n_search_id=7915746c-7dd2-4701-80df-f9a1b9bfd177,"MN 4,290,000",4290000.0,MN,0.0,90 m² lote | 2 rec. | 2 baños | 2 estac.,90.0,90.0,2,2,2,A estrenar,19.1600196,-96.1012542,Blvd. Manuel avila camacho,"Costa Verde, Boca del Río","Superficie 90 m2. 2 Recamaras. Vista al mar. Amenidades. Sobre Blvd. Manuel Avila Camacho. Cerca de supermercados como Costco, Soriana y Walmart. características: 2 Estacionamientos. Espacio Sala-Comedor. Cocina integral. 2 Recamaras (la principal con vestidor) 2 Baños. Cuarto de lavado. amenidades: Alberca. Bar. Asoleadero y terraza. Gimnasio. Jacuzzi. Roof top. Coworking. Salón social privado",,2026-07-29T20:33:23.662932,2026-07-29T20:33:23.662932
https://www.inmuebles24.com/propiedades/clasificado/veclapin-departamento-con-vista-al-mar-cerca-de-bulevar-y-149482955.html?n_src=Listado&n_pills=Alberca&n_pg=1&n_pos=10&n_search_id=7915746c-7dd2-4701-80df-f9a1b9bfd177,"MN 5,200,000",5200000.0,MN,0.0,135 m² lote | 2 rec. | 2 baños | 2 estac.,135.0,136.0,2,2,2,15 años,19.131620599999998,-96.10534299999999,Calle Mocambo 500,"Mocambo, Boca del Río","Hermoso departamento con vista al mar. consta de 136 M2. +2 habitaciones (principal con un vestidor amplio) +2 baños completos. +cocina integral equipada. +area sala/comedor. +pequeña terraza frontal con vista al mar. +area de lavado. +cuarto de servicio con baño. +2 cajones de estacionamiento. la torre cuenta con amenidades. +alberca techada. +alberca al aire libre con espectacular vista al mar. +terraza. +2 salones de uso multiple. +lobby. +2 elevadores. +seguridad 24/7. precio de venta $5, 200, 000. ubicacion- torre mocambo 500, cerca de bulevar, plazas comerciales. informes al Ver datos-24. lic. Tania saavedra",,2026-07-29T20:33:23.662934,2026-07-29T20:33:23.662934
https://www.inmuebles24.com/propiedades/clasificado/veclapin-departamento-en-venta-en-veracruz-en-la-riviera-150252656.html?n_src=Listado&n_pills=Alberca&n_pg=1&n_pos=11&n_search_id=7915746c-7dd2-4701-80df-f9a1b9bfd177,"MN 8,072,033",8072033.0,MN,0.0,148 m² lote | 2 rec. | 4 baños | 2 estac.,148.0,148.0,2,4,2,1 años,19.0729411,-96.0872997,Torre Ximara,"Congregacion Isla Del Amor, Alvarado","Departamento en venta con vista al mar y más de 10 amenidades en Torre Ximara, Riviera Veracruzana. Precio: $8, 072, 033. Habitables: 148. 89 m2. Terraza: 55. 88 m2. Estacionamiento: 28 m2 (2 autos en línea) Distribución. -Sala. -Comedor. -Cocina. -Family Room (Opción de acondicionarse como 3era habitación) -Baño completo. -Terraza. -Recamara principal con vestidor, baño y terraza. -Recamara secundaria con closet y baño. -Cuarto de lavado. -Cuarto de servicio con baño completo. Amenidades. -Lobby. -Estacionamiento para visitas. -Sala de choferes. -Elevador. -Sala de juntas. -Sala de cine. -Sala de videojuegos con consolas. -Sala de juegos. -Ludoteca. -Gym. -Bar. -Salon de eventos con área de cocina independiente. -Amplia zona de Albercas. -Zona de asadores en área de albercas. -Acceso a la playa. Precio sujeto a cambio sin previo aviso. El precio no incluye gastos notariales. Ver datos",,2026-07-29T20:33:23.662937,2026-07-29T20:33:23.662937
https://www.inmuebles24.com/propiedades/clasificado/veclapin-pent-house-torre-veramar-149971629.html?n_src=Listado&n_pills=Gimnasio&n_pg=1&n_pos=12&n_search_id=7915746c-7dd2-4701-80df-f9a1b9bfd177,"MN 9,500,000",9500000.0,MN,0.0,313 m² lote | 3 rec. | 4 baños | 2 estac.,313.0,313.0,3,4,2,10 años,19.1241901614,-96.1057658005,Veramar Torre,"Playa Hermosa, Boca del Río","Pent House en Venta Torre VeramarBoca del Rio$9, 500, 000+ Gastos de escrituración 313 m2 habitablesElevador directo a departamento Acceso a escalerasRecibidorSala Comedor con fan an coill Área de bar con barra con enfriador de vinos ycentro de lavadoCocina con estufa campana enfriador y refrigerador Cuarto de servicio con baño completoÁrea de lavado Medio baño visitas Clóset de blancos con luz Habitación secundaria con baño completo Habitación secundaria con vestidor y baño completo y espejos con luz indirectaÁrea de tv con mueble para pantalla climatizadoHabitación principal con vestidor y baño completo con terraza vestidor climatizado Alberca con calefacción PalapaGimnasio con baños Área para fiestas con cocina",,2026-07-29T20:33:23.662939,2026-07-29T20:33:23.662939
https://www.inmuebles24.com/propiedades/clasificado/veclapin-departamento-en-venta-fracc.-playas-del-conchal-144385672.html?n_src=Listado&n_pills=Alberca&n_pg=1&n_pos=13&n_search_id=7915746c-7dd2-4701-80df-f9a1b9bfd177,"MN 3,490,000",3490000.0,MN,0.0,80 m² lote | 2 rec. | 2 baños | 1 estac.,80.0,80.0,2,2,1,A estrenar,19.0757058,-96.08693729999999,Fracc. Playas del Conchal,"Playas del Conchal, Alvarado",Mantenimiento Incluido. Superficie de 80 m2. Vista al Mar. características: 1 Cajón de estacionamiento. Espacio de sala-comedor. Área de cocina. 2 Recamaras. 2 Baños completos. Terraza. amenidades: Alberca. Lobby. Social center. Sala de entretenimiento. Cancha de pádel. Muelle. Parque. Áreas verdes de 2000 m2. Gimnasio,,2026-07-29T20:33:23.662941,2026-07-29T20:33:23.662941
https://www.inmuebles24.com/propiedades/clasificado/veclapin-departamento-amueblado-en-venta-sendero-cerca-de-plaza-148186331.html?n_src=Listado&n_pills=%C3%81rea+de+lavado&n_pg=1&n_pos=14&n_search_id=7915746c-7dd2-4701-80df-f9a1b9bfd177,"MN 4,000,000",4000000.0,MN,0.0,150 m² lote | 2 rec. | 2 baños | 2 estac.,150.0,160.0,2,2,2,5 años,19.0688126,-96.0818062,El Sendero Residencial,"Torres el Sendero Residencial, Alvarado","Hermoso departamento amueblado consta de. 160 M2. +2 habitaciones (principal con vestidor amplio Y jacuzzi), secundaria con closet. +medio baño de visita. +cocina integral equipada con barra E isla. +area de lavado. +estancia sala/comedor amplio. +terraza frontal con vista al mar. +2 cajones de estacionamiento (techado) precio de venta $4, 000, 0000. ubicacion- residencial el sendero, cerca de plaza el dorado. informes al Ver datos-24. lic. Tania saavedra",,2026-07-29T20:33:23.662943,2026-07-29T20:33:23.662943
https://www.inmuebles24.com/propiedades/clasificado/veclapin-departamento-en-venta-torre-diamante-boca-del-rio.-146893907.html?n_src=Listado&n_pills=Seguridad+privada&n_pg=1&n_pos=15&n_search_id=7915746c-7dd2-4701-80df-f9a1b9bfd177,"MN 2,100,000",2100000.0,MN,0.0,65 m² lote | 2 rec. | 2 baños | 1 estac.,65.0,65.0,2,2,1,A estrenar,19.1436891,-96.1130873,Torre Diamante,"Fraccionamiento Joyas de Mocambo (Granjas los Pinos), Boca del Río",Superficie 65 m2. 2 Recamaras. Climatizado. Equipado. Roof Garden. Cerca de plaza Américas y Andamar. A 10 minutos de la playa. Nueva etapa entrega Verano 2027. características: Estacionamiento para 1 auto. Espacio Sala-Comedor. Cocina integral equipada. Área de lavado. 2 Recamaras. 2 Baños. amenidades: Elevador. Barra de asador. Parque de mascotas. Roof Garden. Caseta de vigilancia. Sistema Lock Off. equipamiento: Estufa. Campana. Lambrin de madera. Azulejo en cocina. Closets cerrados. Canceles de baño. 3 aires acondicionados. Calentador. Plafón de techo en sala y cocina,,2026-07-29T20:33:23.662946,2026-07-29T20:33:23.662946
https://www.inmuebles24.com/propiedades/clasificado/veclapin-departamento-en-venta-torre-maree-el-ancla-150032209.html?n_src=Listado&n_pills=Seguridad+privada&n_pg=1&n_pos=16&n_search_id=7915746c-7dd2-4701-80df-f9a1b9bfd177,"MN 4,300,000",4300000.0,MN,0.0,143 m² lote | 3 rec. | 3 baños | 2 estac.,143.0,143.0,3,3,2,A estrenar,19.0772862,-96.087779,el ancla residencial,"Playas del Conchal, Alvarado",Superficie desde 143 m2. 3 Recamaras. Terraza privada. Frente al mar. Acceso directo a la playa. Elevador. Vigilancia las 24 hrs. características: Estacionamiento techado para 2 autos. Espacio Sala-Comedor con terraza. 1/2 Baño para visitas. Cocina integral con barra de granito. Cuarto de servicio. 3 Recamaras con closet y baño completo. amenidades: Roof Garden. Portón eléctrico. Elevador. Iluminación led. Ducteria para aire acondicionado y gas. Gimnasio. Salón de juegos. Alberca. Vigilancia las 24 hrs. Acceso a la playa,,2026-07-29T20:33:23.662948,2026-07-29T20:33:23.662948
https://www.inmuebles24.com/propiedades/clasificado/veclapin-venta-de-departamento-en-fraccionamiento-costa-de-oro-150539989.html?n_src=Listado&n_pills=Gimnasio&n_pg=1&n_pos=17&n_search_id=7915746c-7dd2-4701-80df-f9a1b9bfd177,"MN 4,000,000",4000000.0,MN,0.0,95 m² lote | 2 rec. | 2 baños | 1 estac.,95.0,95.0,2,2,1,A estrenar,19.145732,-96.100422,Marlin 66,"Fraccionamiento Costa de Oro, Boca del Río","Departamento en venta en Torre Marlin con vista al marExclusivo departamento ubicado en Torre Marlin, en el Fracc. Costa de Oro. Inversión $4, 000, 000 mxn Construcción: 95 m² Distribución del departamento: Sala y comedor con vista al mar Cocina integral 2 recámaras 2 baños completos Área de lavado Terraza con vista al mar Cochera techada para 1 auto Amenidades: Alberca Roof Garden Salón de eventos Gimnasio Área social Elevador Vigilancia 24/7 Mantenimiento: $2, 500 mensuales",,2026-07-29T20:33:23.662951,2026-07-29T20:33:23.662951
https://www.inmuebles24.com/propiedades/clasificado/veclapin-departamento-en-venta-veracruz-amueblado-con-vista-150246982.html?n_src=Listado&n_pills=%C3%81rea+de+lavado&n_pg=1&n_pos=18&n_search_id=7915746c-7dd2-4701-80df-f9a1b9bfd177,"MN 2,595,000",2595000.0,MN,0.0,107 m² lote | 2 rec. | 2 baños | 1 estac.,107.0,107.0,2,2,1,11 años,19.1670830608,-96.1154511635,Fracc. Costa Verde,"Costa Verde, Boca del Río","Departamento en venta amueblado con vista panoramica sobre avenida Ruiz Cortines, Boca del Río, Veracruz. Precio amueblado $2, 695, 000. Precio sin muebles: $2, 595, 000. 107 m2 habitables con cajon de estacionamiento techado. Mantenimiento $900 mensuales. * A dos cuadras del boulevard Avila Camacho. Tercer nivel. * Sala comedor con balcón. * Cocina integral. * Cuarto de Lavado. * Pasillo con labavo. * Amplia recámara con vista panoramica y doble clóset. * Baño completo compartido. * Recámara principal con baño completo y closet. Equipamiento. * Climas. * Totalmente amueblado. * Calentador. * Persianas. * Tanque estacionario. * Portón eléctrico compartido. * Cisterna compartida. Precio sujeto a cambio sin previo aviso. El precio no incluye gastos notariales. Ver datos",,2026-07-29T20:33:23.662953,2026-07-29T20:33:23.662953
https://www.inmuebles24.com/propiedades/clasificado/veclapin-departamento-nuevo-en-venta-costa-de-oro-149971952.html?n_src=Listado&n_pills=Gimnasio&n_pg=1&n_pos=19&n_search_id=7915746c-7dd2-4701-80df-f9a1b9bfd177,"MN 6,000,000",6000000.0,MN,0.0,166 m² lote | 3 rec. | 3 baños | 2 estac.,166.0,166.0,3,3,2,A estrenar,19.1608208525,-96.1031621915,Departamento Nuevo en Venta Costa de Oro,"Fraccionamiento Costa de Oro, Boca del Río","Departamento Nuevo en VentaTorre AnkorCosta de Oro, Boca de Río$6, 000, 000+Gastos de escrituración166 m2RecibidorSalaComedor ambos con vista al marCocina integral con barra de granito, parrilla, campana, tarja, torre para hornos y barra desayunadorMedio baño de visitas1 Habitación principal con baño completo y vestidorÁrea de tvcuarto de lavado1 Habitación secundaria con baño completo, clóset y balcónRoof GardenAlbercaSalón socialGimnasioTerrazaRecepción con vigilancia",,2026-07-29T20:33:23.662955,2026-07-29T20:33:23.662955
https://www.inmuebles24.com/propiedades/clasificado/veclapin-departamentos-en-venta-torre-calumar-col.-revolucion-149015026.html?n_src=Listado&n_pills=Aire+acondicionado&n_pg=1&n_pos=20&n_search_id=7915746c-7dd2-4701-80df-f9a1b9bfd177,"MN 2,750,000",2750000.0,MN,0.0,108 m² lote | 3 rec. | 3 baños | 1 estac.,108.0,108.0,3,3,1,A estrenar,19.1590276,-96.12221749999999,Revolucion,"Revolución, Boca del Río","Planta Baja $2, 960, 000. 1er Nivel $2, 890, 000. 2do Nivel $2, 820, 000. 3er Nivel $2, 750, 000. Superficie 108. 14 m2. 3 Recamaras. Climatizado. Con Roof Garden. El edificio es de 4 Niveles (4 Departamentos) A una cuadra de Av. Juan Pablo. Cerca de la Universidad Veracruzana. A unas cuadras de plaza Mocambo, Walmart y Chedraui. Cerca de Estadios Beto Ávila y Pirata Fuente. Buena Movilidad a la ciudad. caracteristicas: Cochera para 1 auto con portón eléctrico. Espacio Sala-Comedor. Cocina integral con estufa y campana. Cuarto de lavado. 1 Recamara principal con closet y baño. 2 Recamaras secundarias con closet. 1 baño completo compartido. Closet de blancos. amenidades: Roof Garden, con pérgola. 1/2 Baño. Barra de asador. equipamiento: Estufa y campana. Calentador de agua. Bomba automática. Tinaco de 1, 100 lts. Cisterna de 3, 000 Lts. Tanque estacionario. 4 Minisplits",,2026-07-29T20:33:23.662958,2026-07-29T20:33:23.662958
https://www.inmuebles24.com/propiedades/clasificado/veclapin-departamento-venta-costa-de-oro-boca-del-rio-veracruz-150626465.html?n_src=Listado&n_pills=%C3%81rea+de+lavado&n_pg=1&n_pos=21&n_search_id=7915746c-7dd2-4701-80df-f9a1b9bfd177,"MN 4,630,000",4630000.0,MN,0.0,154 m² lote | 3 rec. | 3 baños | 2 estac.,154.0,154.0,3,3,2,A estrenar,19.1591947,-96.1024407,Calle Peto 125,"Fraccionamiento Costa de Oro, Boca del Río","¡departamento de lujo nuevo en fracc. Costa de oro! A solo 2 cuadras del Blvd. Manuel Ávila Camacho y a unos pasos de la Zona Hotelera, wtc, Andamar y Plaza Américas. ¡Cerca de todo! Exclusividad total: Solo 4 departamentos nuevos con acabados residenciales de primera categoría. Dimensiones &amp; Espacios Extra. 154 m² habitables con diseño en concepto abierto e iluminación natural. 12 m² de balcón/terraza privada. 2 cajones de estacionamiento. Bodega privada. ️ Distribución Interior. ️ Cocina Integral de Ensueño: Equipada con isla de granito, horno, microondas, parrilla y campana de la prestigiosa marca teka. ️ Recámara Principal: Con vestidor amplio y baño completo. ️ Recámara 2: Con vestidor y baño completo. ️ Recámara 3: Con clóset y baño completo. ️ Amenidades Exclusivas. Alberca para relajarse. Roof Garden ideal para convivencias y reuniones. ¡Pide más información o agenda tu visita hoy mismo! (El precio puede variar sin previo aviso y no incluye gastos de escrituración).",,2026-07-29T20:33:23.662960,2026-07-29T20:33:23.662960
https://www.inmuebles24.com/propiedades/clasificado/veclapin-departamento-en-venta-torre-solandri-costa-de-oro-149971816.html?n_src=Listado&n_pills=Terraza&n_pg=1&n_pos=22&n_search_id=7915746c-7dd2-4701-80df-f9a1b9bfd177,"MN 4,750,000",4750000.0,MN,0.0,158 m² lote | 3 rec. | 3 baños | 2 estac.,158.0,158.0,3,3,2,A estrenar,19.1594567,-96.1026464,Departamento en Venta Torre Solandri Costa de Oro,"Fraccionamiento Costa de Oro, Boca del Río","SolandriCosta de Oro, VeracruzDepartamento residencial en el corazón de Costa de Oro, con una ubicación estratégica que permite tener al alcance playas, restaurantes, hospitales, universidades y centros comerciales como Andamar, Las Américas y Mocambo. Características generales• 1 Departamento por planta• 2 cajones de estacionamiento por departamento• Doble acceso controlado• Roof garden con jacuzzi, barra, área social y servicios• ElevadorDepartamento Planta baja – 1012 Habitaciones• 166. 32 m² totales(131. 07 m² interior + 35. 25 m² exterior) • 1 Habitación principal con vestidor y baño• 1 Habitación junior con baño• Sala de estar• Comedor• Cocina integral• Cuarto de lavado• Baño de visitas• Patio traseroDepartamentoPlantas tipo 1N, 2N y 3N (3 recámaras) • 151. 68 m² totales(143. 60 m² interior + 8. 08 m² exterior) • 1 Habitación principal con vestidor y baño• 2 Habitaciones junior con baño cada una• Sala de estar• Comedor• Cocina integral• Cuarto de lavado• Baño de visitas• 2 balconesRoof GardenPlanta 4N – Amenidades• 157. 86 m² totales(27. 31 m² interior + 81. 71 m² exterior + 48. 84 m² servicios) • Roof garden• Barra e isla exterior• Jacuzzi• Sala exterior• Medio baño• Área de servicios- ElevadorDisponibilidad y precios• 101 – $4, 990, 000. 00• 201 – $4, 850, 000. 00• 301 – $4, 800, 000. 00• 401 – $4, 750, 000. 00",,2026-07-29T20:33:23.662962,2026-07-29T20:33:23.662962
https://www.inmuebles24.com/propiedades/clasificado/veclapin-departamento-en-venta-boca-del-rio-veracruz-playa-de-150292390.html?n_src=Listado&n_pills=Terraza&n_pg=1&n_pos=23&n_search_id=7915746c-7dd2-4701-80df-f9a1b9bfd177,"MN 3,500,000",3500000.0,MN,0.0,120 m² lote | 2 rec. | 2 baños | 1 estac.,120.0,120.0,2,2,1,28 años,19.1294496824,-96.105722081,Mocambo (playa de Oro) Condominio Playa Dorada,"Playa de Oro Mocambo, Boca del Río","Departamento a la Venta en una excelente ubicación de Boca del Río, Veracruz a los pies de las famosas playas de Mocambo. Condominio Playa Dorada compuesta por 2 torres de departamentos con acceso controlado 24 horas, amenidades Premium como: - jardín- Palapa- alberca y chapoteadero- Palapa bar- baños - regadera exterior- acceso a playa - elevadorEl Departamento cuenta con 120m2 habitables, 2 cajones de estacionamiento, se encuentra ubicado en el piso 6, cuenta con escalera y elevador. Como dicen lo clásico nunca pasa de moda y menos aún con vista al mar, pero no solo tenemos vista al mar ¡tenemos acceso al mar del bello puerto de Veracruz! Cuenta conSala comedorClóset de blancosCuarto de lavadoCocina integral con barraBañoTerrazaRecámara 1 con clóset y terraza cerrada con opción a adaptar para un vestidorRecámara 2 con closet, baño y salda a TerrazaVentiladores, canceles de baño. El edificio cuenta con cisterna, tinaco y bombaAntigüedad 25 añosInversión $3, 500, 000. 00Mantenimiento $3, 500 al mes2 habitaciones2 baños1 auto**precio no incluye muebles",,2026-07-29T20:33:23.662964,2026-07-29T20:33:23.662964
https://www.inmuebles24.com/propiedades/clasificado/veclapin-departamento-en-preventa-torre-solandri-costa-de-oro.-147714494.html?n_src=Listado&n_pills=%C3%81rea+de+lavado&n_pg=1&n_pos=24&n_search_id=7915746c-7dd2-4701-80df-f9a1b9bfd177,"MN 4,750,000",4750000.0,MN,0.0,152 m² lote | 3 rec. | 3 baños | 2 estac.,152.0,152.0,3,3,2,A estrenar,19.1552468,-96.10234679999999,Costa de Oro,"Fraccionamiento Costa de Oro, Boca del Río","Desde $4’750, 000 hasta $4’990, 000. Superficie desde 152 m2. 3 Niveles con 1 Departamento por planta. Prototipos de 2 y 3 Recámaras. 2 cajones de estacionamiento por departamento. Torre con amenidades y doble filtro de seguridad. A unos pasos de la playa. Cerca de hospitales, escuelas, bancos y restaurantes. Fácil movilidad vehicular. características: 2 Cajones de estacionamiento. Espacio Sala-Comedor. 1/2 Baño de visitas. Cocina integral. Cuarto de lavado. Recamara principal con vestidor y baño completo. Recamara secundaria con baño. Patio trasero. amenidades: Rood Garden. Barra e isla exterior. Sala exterior. Azotea de servicio. Doble acceso controlado. Montacargas. Baños. Jacuzzi",,2026-07-29T20:33:23.662967,2026-07-29T20:33:23.662967
https://www.inmuebles24.com/propiedades/clasificado/veclapin-departamento-en-venta-costa-verde-cerca-de-plazas-148863684.html?n_src=Listado&n_pills=%C3%81rea+de+lavado&n_pg=1&n_pos=25&n_search_id=7915746c-7dd2-4701-80df-f9a1b9bfd177,"MN 2,650,000",2650000.0,MN,0.0,76 m² lote | 2 rec. | 2 baños | 1 estac.,76.0,77.0,2,2,1,A estrenar,19.1638742,-96.1086673,Calle 26,"Costa Verde, Boca del Río","Bonito departamento ideal inversion cuenta con. 77 M2 habitables. +2 habitaciones. +2 baños completos. sala/comedor. +cocina con barra de granito. +area de lavado. +estacionamiento (no techado) para 1 auto. precio de venta 2 piso (escaleras) $2, 650, 000. precio de venta 4 piso (escaleras) $2, 550, 000. area comun- roog garden con alberca. ubicacion- calle reyes heroles, A media cuadra del bulevar, cerca de plazas comerciales. informes al Ver datos-24. lic. Tania saavedra",,2026-07-29T20:33:23.662968,2026-07-29T20:33:23.662968
https://www.inmuebles24.com/propiedades/clasificado/veclapin-departamento-nuevo-en-venta-cerca-de-plaza-americas-149397434.html?n_src=Listado&n_pills=%C3%81rea+de+lavado&n_pg=1&n_pos=26&n_search_id=7915746c-7dd2-4701-80df-f9a1b9bfd177,"MN 2,450,000",2450000.0,MN,0.0,110 m² lote | 2 rec. | 2 baños | 1 estac.,110.0,111.0,2,2,1,A estrenar,19.1321515,-96.10698269999999,CALLE COLIMA BOCA DEL RIO,"Luis Echeverria Alvarez, Boca del Río","Bonito Y funcional departamento en venta. consta de 111 M2. +2 habitaciones (principal con vestidor), secundaria con (closet) +2 baños completos. +cocina equipada con estufa tipo parrilla, campana. +area de lavado equipada con calentador. cuenta con 1 cajon de estacionamiento. se encuentra en primer nivel Y segundo nivel (escaleras) precio venta $2, 450, 000. ubicacion- A tan solo 3 minutos de plaza americas Y cerca de playa. informes al Ver datos-24. lic. Tania saavedra",,2026-07-29T20:33:23.662970,2026-07-29T20:33:23.662970
https://www.inmuebles24.com/propiedades/clasificado/veclapin-departamento-amueblado-en-renta-150091177.html?n_src=Listado&n_pills=Terraza&n_pg=1&n_pos=27&n_search_id=7915746c-7dd2-4701-80df-f9a1b9bfd177,"MN 11,600,000",11600000.0,MN,0.0,356 m² lote | 3 rec. | 4 baños,356.0,356.0,3,4,0,15 años,19.0930048377,-96.0986675497,Departamento Amueblado en Renta,"El Estero, Boca del Río","Departamento en Renta y/ó Venta Torre Marina TajínBarbara! Vista al río y al mar de 2 niveles de 356 m2 amueblado! $11, 600, 000 precio en venta+Gastos de escrituración$45, 000. 00 precio en rentarenta mensual con mantenimiento*Póliza jurídica*-Planta bajaAmplia salaTerrazaComedorAntecomedor o desayunadorCocina integral con estufa, campana, alacena, isla y barra desayunadorCuarto de lavadoCuarto de servicio con baño completoMedio baño de visitas-Planta altaVestíbulo con acceso independiente a elevadorClóset de sépticoClóset de blancos1 Habitación principal con vestidor y baño completo1 Habitación secundaria amplia con balcón, vestidos y baño completo1 Habitación secundaria con baño completo3 Cajones de estacionamiento techadosVigilancia 24 horas con lobby en recepción2 Niveles de amenidades con: Alberca infinito, carril de nado y chapoteaderoGimnasioSalón de usos múltiplesBaños2 Terrazas amplias con vista al mar y al ríoÁrea de bodegasAsadoresJardínesCámaras de seguridad en todo el desarrolloEmbarcadero2 Elevadores",,2026-07-29T20:33:23.662973,2026-07-29T20:33:23.662973
https://www.inmuebles24.com/propiedades/clasificado/veclapin-departamento-con-vista-al-mar-torre-amurac-costa-de-147079786.html?n_src=Listado&n_pills=Terraza&n_pg=1&n_pos=28&n_search_id=7915746c-7dd2-4701-80df-f9a1b9bfd177,"MN 15,500,000",15500000.0,MN,0.0,250 m² lote | 2 rec. | 2 baños | 2 estac.,250.0,245.0,2,2,2,5 años,19.1531756,-96.09482679999999,TORRE AMURA COSTA DE ORO,"Fraccionamiento Costa de Oro, Boca del Río","Hermoso departamento con espectacular vista al mar. consta de. 250 M2. +terraza con espectacular vista. +elevador directo al departamento. +2 habitaciones con baño Y vestidor cada una. +medio baño para visitas. +sala/comedor con vista. +cocina integral cn barra/estufa de induccion Y campana. +cuarto de lavado. +entrada para servicio independiente. +estacionamiento para 2 autos. amenidades. +terrazas Y jardines. +alberca principal con asoleadero. +alberca en terraza con acceso A la playa. +gimnasio. +centro de negocios. +sala de juntas. +spa. +ludotea. +salon de eventos. +valet parking. precio de venta $15, 500, 000. ubicacion- torre amura, costa de oro. informes al Ver datos-24. lic. Tania saavedra",,2026-07-29T20:33:23.662975,2026-07-29T20:33:23.662975
https://www.inmuebles24.com/propiedades/clasificado/veclapin-departamento-en-venta-torre-vela-boca-del-rio.-148682420.html?n_src=Listado&n_pills=%C3%81rea+de+lavado&n_pg=1&n_pos=29&n_search_id=7915746c-7dd2-4701-80df-f9a1b9bfd177,"MN 10,500,000",10500000.0,MN,0.0,290 m² lote | 3 rec. | 3 baños | 2 estac.,290.0,290.0,3,3,2,12 años,19.1535555,-96.0993993,Avenida Costa de Oro,"Fraccionamiento Costa de Oro, Boca del Río",Superficie 290 m2. 3 Recamaras con baño. Vista al mar. Sobre la playa con acceso directo. 2 Albercas. Seguridad las 24 hrs. características: Estacionamiento para 2 autos. Bodega. Espacio Sala-Comedor con vista al mar. Cocina integral. Estancia de tv. 3 Recamaras con baño y vestidor. Cuarto de servicio/oficina. Área de lavado. amenidades: 2 Albercas. Gym. Salón de eventos. Lobby recepción 24 hrs. Vigilancia 24 hrs. 2 Elevadores,,2026-07-29T20:33:23.662977,2026-07-29T20:33:23.662977
https://www.inmuebles24.com/propiedades/clasificado/veclapin-departamento-en-venta-en-veracruz-con-vista-al-mar-150251667.html?n_src=Listado&n_pills=Alberca&n_pg=1&n_pos=30&n_search_id=7915746c-7dd2-4701-80df-f9a1b9bfd177,"MN 3,490,000",3490000.0,MN,0.0,95 m² lote | 3 rec. | 2 baños | 2 estac.,95.0,95.0,3,2,2,6 años,19.1649482,-96.1222175,Fracc. Virginia,"Fraccionamiento Virginia, Boca del Río","Departamento en venta con vista al mar en Torre Coral fracc. Virginia. Precio: $3, 490, 000. Precio de mantenimiento $2, 900 mensuales aproximadamente. *95 M2 habitables + 25 M2 de 2 cajones de techados de estacionamiento. Piso 6. Distribución. * Cuarto de lavado. * Cocina integral con barra desayunador. * Recámara con closet. * Sala comedor con vista al mar y balcón. * Baño completo compartido. * Rececámara con closet, vista al mar y balcón. * Recámara principal con baño, balcón y closet. * ⁠2 cajones de estacionamiento techados. Amenidades. * Elevador. * Alberca. * Terraza. * Sala de reuniones. * Baños para hombre y mujer. * Portero 24/7. * Portón eléctrico en estacionamiento. Precio sujeto a sin previo aviso. El precio no incluye gastos deescrituración. Ver datos",,2026-07-29T20:33:23.662979,2026-07-29T20:33:23.662979
